fish_species,current_temperature,average_temperature,maximum_temperature,storage_duration_hours,humidity,transport_duration_hours,temperature_violation_count,spoilage_risk
Tuna,3.7,5.01,7.4,55.04,72.07,18.97,2,HIGH
Tilapia,4.43,3.3,6.15,32.48,84.17,5.84,0,LOW
Tuna,1.63,2.31,3.26,69.92,86.37,21.49,0,MEDIUM
Tilapia,5.71,5.28,8.68,53.88,69.63,23.24,3,HIGH
Tuna,0.37,0.48,1.19,34.78,77.84,5.83,0,LOW
Tilapia,4.25,4.91,7.31,58.14,76.87,9.61,2,MEDIUM
Snapper,2.78,2.49,3.89,48.2,70.16,17.07,0,MEDIUM
Mackerel,3.12,3.99,5.27,34.45,72.52,13.78,2,MEDIUM
Tuna,3.59,3.94,6.06,32.01,76.69,5.54,2,MEDIUM
Mackerel,5.58,5.44,7.61,48.0,73.44,13.59,3,HIGH
Tilapia,3.06,3.42,6.05,7.39,73.67,17.48,2,LOW
Sardine,1.67,1.0,1.23,28.05,85.44,7.59,0,LOW
Tilapia,3.67,3.27,4.44,50.68,91.16,6.75,1,MEDIUM
Tuna,12.28,13.23,19.81,65.08,70.35,11.21,10,HIGH
Tilapia,-1.22,0.22,1.09,54.85,77.65,17.41,0,MEDIUM
Sardine,4.22,4.04,6.34,3.95,71.86,12.11,1,LOW
Tuna,-1.51,-0.59,0.3,42.26,77.56,8.65,0,LOW
Mackerel,2.92,2.08,5.0,35.55,87.22,12.03,1,MEDIUM
Tilapia,11.16,11.57,16.94,32.16,72.6,1.01,10,HIGH
Mackerel,7.6,8.08,10.51,20.97,68.26,16.0,3,HIGH
Tilapia,6.61,7.57,9.9,40.39,71.91,9.22,4,HIGH
Snapper,7.58,7.73,10.68,19.17,73.73,22.5,2,HIGH
Snapper,-0.65,-0.82,-0.17,54.15,89.89,21.43,0,MEDIUM
Mackerel,4.21,3.11,5.65,7.71,84.56,18.05,2,MEDIUM
Mackerel,8.75,8.93,12.54,13.73,91.58,14.59,6,HIGH
Sardine,0.24,0.24,1.41,11.22,89.58,0.83,0,LOW
Snapper,-0.52,-0.47,0.54,50.29,76.83,14.16,0,LOW
Tilapia,6.88,7.36,11.58,22.37,68.93,11.98,2,HIGH
Tilapia,9.53,9.29,16.92,46.01,60.94,2.99,9,HIGH
Sardine,5.09,5.38,7.57,34.18,90.53,18.94,0,MEDIUM
Snapper,2.16,2.32,3.51,44.03,78.49,20.89,0,MEDIUM
Tuna,1.69,3.44,5.19,33.23,84.34,6.32,2,MEDIUM
Tilapia,0.81,1.98,3.21,43.2,76.58,3.94,0,LOW
Tuna,-0.8,-0.42,0.96,11.91,77.48,3.21,0,LOW
Snapper,-0.31,-0.78,-0.52,49.33,75.8,9.75,0,LOW
Snapper,4.97,5.06,7.76,18.71,70.96,13.92,0,LOW
Snapper,1.69,0.49,1.28,4.69,76.53,22.23,0,LOW
Tilapia,1.9,2.37,3.73,56.34,89.69,15.6,0,LOW
Sardine,-1.42,1.14,1.92,28.34,87.86,15.53,0,MEDIUM
Sardine,1.28,-0.44,0.28,27.09,81.25,9.11,0,LOW
Sardine,2.33,1.74,2.19,35.14,89.23,8.22,0,LOW
Mackerel,5.04,4.97,7.28,21.46,81.72,17.77,0,MEDIUM
Snapper,2.95,1.78,3.07,7.75,76.98,17.55,0,LOW
Tilapia,9.61,8.1,15.89,56.57,90.43,19.19,5,HIGH
Snapper,0.71,1.36,1.5,41.11,84.24,13.95,0,MEDIUM
Snapper,1.77,3.83,6.36,67.12,80.83,3.31,2,MEDIUM
Sardine,-1.22,-0.65,0.34,48.66,81.28,8.34,0,LOW
Sardine,5.43,5.58,8.67,11.49,74.43,22.5,5,HIGH
Tilapia,2.12,1.92,2.75,35.04,89.04,9.34,0,LOW
Tilapia,12.54,12.74,20.5,9.66,92.32,14.32,7,HIGH
Tuna,0.44,2.04,3.95,32.4,76.5,7.6,2,MEDIUM
Snapper,12.78,13.25,16.8,60.42,93.41,3.0,7,HIGH
Snapper,12.86,12.33,18.58,18.1,94.09,3.86,9,HIGH
Tuna,5.18,5.29,10.02,4.67,66.08,14.74,3,HIGH
Sardine,5.17,5.45,10.0,55.82,89.03,16.91,2,HIGH
Tuna,6.01,4.66,7.27,45.73,80.14,20.5,2,HIGH
Tuna,2.74,1.94,2.23,70.59,79.06,14.87,0,MEDIUM
Tilapia,3.08,2.15,4.92,7.51,85.61,4.81,0,LOW
Mackerel,5.11,4.74,7.02,68.17,82.59,7.58,2,HIGH
Tilapia,4.14,4.27,7.15,29.69,73.27,11.64,1,MEDIUM
Tuna,0.45,0.11,0.57,46.06,81.42,10.18,0,MEDIUM
Tuna,2.47,2.76,4.94,34.66,70.79,5.8,1,LOW
Mackerel,4.6,3.98,6.38,56.91,84.35,13.4,1,HIGH
Sardine,4.28,4.19,5.91,66.4,86.21,12.34,2,HIGH
Tilapia,5.41,4.8,6.43,6.12,80.87,20.29,1,LOW
Snapper,1.06,0.12,0.62,53.73,77.59,0.85,0,LOW
Tilapia,4.49,5.99,8.45,26.91,83.03,23.02,5,MEDIUM
Tuna,5.45,5.74,9.81,46.5,86.16,0.75,5,HIGH
Sardine,4.2,2.57,3.9,40.47,88.4,20.22,0,MEDIUM
Snapper,0.92,0.79,1.38,31.8,76.2,11.53,0,LOW
Snapper,-1.84,-0.28,1.08,21.74,75.67,12.02,0,LOW
Snapper,2.54,2.29,3.78,47.09,88.56,16.25,1,MEDIUM
Sardine,0.85,0.47,1.28,35.26,80.08,18.56,0,LOW
Sardine,5.27,6.52,11.25,36.42,90.51,12.99,3,HIGH
Tilapia,-0.17,0.59,1.97,25.06,84.46,5.0,0,LOW
Mackerel,10.52,10.59,15.12,20.74,82.74,17.02,5,HIGH
Tilapia,12.33,11.96,17.35,52.17,88.93,23.14,9,HIGH
Sardine,4.12,4.96,9.15,47.44,78.2,23.29,5,HIGH
Tuna,0.28,1.94,3.06,3.91,80.2,18.77,0,LOW
Snapper,4.87,5.45,7.38,7.02,79.05,13.55,0,LOW
Snapper,8.74,8.2,12.67,8.76,76.18,16.37,2,HIGH
Tuna,7.84,7.59,12.19,17.65,89.03,15.11,4,HIGH
Sardine,3.98,4.52,8.06,64.59,65.89,16.28,3,HIGH
Sardine,2.01,2.41,2.93,42.91,87.8,9.83,0,LOW
Tuna,3.76,5.25,7.5,58.33,75.26,23.97,3,HIGH
Sardine,1.21,2.48,4.63,43.26,91.95,9.72,0,MEDIUM
Tilapia,3.06,2.47,4.2,2.25,71.48,11.15,2,LOW
Snapper,-0.22,0.68,2.12,21.2,86.28,21.58,0,LOW
Sardine,-2.0,0.3,1.66,42.94,82.94,15.86,0,MEDIUM
Tuna,0.68,0.29,0.52,40.87,88.11,19.11,0,MEDIUM
Mackerel,5.82,6.25,9.68,14.15,85.24,13.71,5,HIGH
Snapper,1.37,1.61,3.04,3.54,82.69,23.05,0,LOW
Sardine,-0.22,-0.02,0.08,23.19,81.83,1.7,0,LOW
Tuna,-0.37,0.54,0.63,22.45,85.47,9.76,0,LOW
Mackerel,-0.76,-0.55,0.74,35.75,75.02,8.33,0,LOW
Tilapia,2.45,4.73,7.41,35.07,77.09,16.56,1,MEDIUM
Mackerel,-0.8,0.32,1.72,51.52,75.73,4.04,0,MEDIUM
Sardine,3.48,2.68,2.69,8.85,77.82,15.07,0,LOW
Tuna,1.38,1.28,2.16,61.59,87.74,15.05,0,MEDIUM
Tilapia,6.91,7.92,10.68,43.84,92.56,23.64,2,HIGH
Tuna,7.02,5.77,10.17,30.4,83.02,7.96,3,HIGH
Snapper,-0.89,0.39,0.41,51.27,77.48,17.86,0,MEDIUM
Tuna,2.76,2.56,3.45,50.21,76.89,4.56,0,MEDIUM
Sardine,7.93,7.03,10.11,10.01,97.74,21.59,8,HIGH
Tuna,2.93,4.18,5.72,21.93,71.11,16.1,2,MEDIUM
Snapper,1.42,1.38,1.73,44.36,88.11,13.51,0,LOW
Snapper,1.58,1.71,2.8,70.82,83.5,10.35,0,MEDIUM
Snapper,1.56,2.18,2.96,64.17,81.12,9.78,0,MEDIUM
Tilapia,1.36,2.52,5.45,34.36,74.39,17.74,0,LOW
Tuna,6.41,6.02,9.57,41.47,86.93,2.96,2,HIGH
Sardine,15.76,13.92,20.92,2.64,67.77,23.51,8,HIGH
Tuna,2.24,1.88,3.21,44.22,80.92,14.15,0,MEDIUM
Mackerel,5.3,5.27,7.21,28.98,74.33,3.58,1,MEDIUM
Mackerel,1.75,3.19,6.1,54.5,75.36,21.2,0,MEDIUM
Mackerel,-0.3,-0.26,0.53,4.21,82.03,11.82,0,LOW
Mackerel,12.0,12.22,17.7,55.3,69.59,21.1,11,HIGH
Tuna,15.17,14.88,22.79,22.62,62.73,13.49,7,HIGH
Snapper,1.97,2.38,3.31,18.98,83.14,4.27,0,LOW
Tuna,4.96,4.57,6.17,54.96,78.17,18.65,2,HIGH
Tuna,8.04,7.97,15.45,61.1,63.82,4.72,6,HIGH
Sardine,4.29,2.86,5.28,38.69,88.73,6.34,1,MEDIUM
Mackerel,2.59,2.76,4.09,35.83,86.66,12.95,0,MEDIUM
Mackerel,4.69,3.52,4.78,68.68,90.95,4.34,1,HIGH
Tuna,2.94,2.73,4.23,23.83,72.62,14.79,2,MEDIUM
Tuna,3.78,3.4,5.47,53.65,91.75,11.52,1,MEDIUM
Tuna,4.05,2.68,3.19,57.41,75.75,15.13,0,MEDIUM
Tuna,5.24,5.35,10.12,1.16,78.14,23.84,5,HIGH
Mackerel,0.73,0.83,1.03,28.9,77.28,22.16,0,LOW
Mackerel,0.49,1.9,2.6,34.57,84.9,22.83,0,MEDIUM
Tilapia,0.31,1.71,2.98,64.37,75.6,18.12,0,MEDIUM
Mackerel,13.05,11.25,17.55,53.43,96.01,9.97,6,HIGH
Mackerel,4.46,4.52,6.54,25.31,79.22,10.09,2,MEDIUM
Snapper,3.2,2.44,3.62,2.4,84.42,8.17,0,LOW
Sardine,1.09,2.11,3.4,10.18,78.7,6.97,0,LOW
Sardine,2.32,1.7,3.06,50.8,78.04,22.89,0,MEDIUM
Tuna,3.1,2.89,5.14,49.67,91.47,1.05,0,MEDIUM
Mackerel,5.74,5.06,7.28,23.88,90.59,13.3,1,MEDIUM
Tilapia,4.76,4.21,5.88,60.88,90.08,23.49,2,MEDIUM
Mackerel,9.03,7.56,11.85,46.78,78.69,7.3,2,HIGH
Tilapia,0.89,1.34,1.96,62.1,78.28,4.44,0,MEDIUM
Mackerel,1.99,2.19,3.45,9.21,77.07,9.67,0,LOW
Tuna,7.95,8.54,12.31,70.64,83.55,2.14,5,HIGH
Tilapia,1.75,2.16,2.57,8.94,88.27,20.06,0,LOW
Tilapia,4.11,3.93,5.93,71.43,85.1,23.99,0,MEDIUM
Tuna,3.04,1.91,3.38,31.16,79.77,1.71,0,MEDIUM
Tilapia,4.54,3.24,5.81,23.83,88.07,18.1,2,LOW
Snapper,7.6,6.47,11.14,11.9,91.37,13.05,3,HIGH
Tuna,-1.02,-0.79,-0.79,3.47,81.54,15.83,0,LOW
Sardine,-0.68,-0.41,0.88,59.16,87.35,2.68,0,MEDIUM
Snapper,1.86,1.95,2.34,54.27,86.28,11.42,0,LOW
Mackerel,0.31,-0.17,0.96,13.52,76.78,4.62,0,LOW
Mackerel,6.79,6.09,11.07,28.9,84.61,21.06,5,HIGH
Tuna,13.73,13.98,17.94,53.17,84.93,13.81,9,HIGH
Mackerel,3.75,4.9,7.32,35.52,71.09,6.61,1,MEDIUM
Tuna,5.02,4.65,7.31,38.06,78.48,7.9,1,MEDIUM
Tilapia,4.05,4.37,5.5,46.89,74.67,4.54,1,MEDIUM
Tuna,8.31,6.38,9.81,42.59,66.78,5.09,5,HIGH
Snapper,3.17,2.75,3.95,10.56,79.3,20.72,1,MEDIUM
Mackerel,0.74,0.44,0.53,44.34,80.36,5.33,0,LOW
Snapper,5.55,7.8,11.34,9.66,64.38,20.53,11,HIGH
Snapper,7.13,6.6,11.59,24.0,66.33,22.79,5,HIGH
Tuna,5.27,5.18,10.12,29.22,79.96,14.24,4,HIGH
Tilapia,-1.23,-0.23,-0.07,26.47,87.99,10.1,0,LOW
Tuna,2.66,4.22,7.07,33.02,78.61,13.85,2,MEDIUM
Snapper,4.27,4.31,6.41,7.72,77.61,4.4,1,LOW
Mackerel,5.94,6.06,8.7,59.7,87.67,22.3,5,HIGH
Tilapia,4.71,4.34,5.45,42.11,78.63,0.61,1,MEDIUM
Snapper,2.92,1.72,2.57,61.5,75.4,12.17,0,MEDIUM
Mackerel,3.64,2.15,2.64,41.12,88.18,6.85,0,LOW
Tilapia,2.95,2.1,2.84,69.41,83.05,20.61,0,MEDIUM
Snapper,5.69,5.07,6.82,35.21,72.22,13.76,0,LOW
Sardine,2.31,3.49,5.23,57.43,79.19,20.19,2,HIGH
Tuna,1.01,2.5,2.53,50.0,82.81,4.34,0,LOW
Mackerel,3.61,3.32,5.56,16.22,80.16,3.78,0,LOW
Tuna,0.65,0.38,0.52,58.44,89.21,23.4,0,MEDIUM
Mackerel,5.48,5.05,7.32,3.55,79.44,13.06,0,MEDIUM
Mackerel,7.21,7.32,13.85,4.2,71.47,22.49,11,HIGH
Sardine,-1.14,-0.76,0.49,66.02,77.34,13.84,0,MEDIUM
Snapper,1.64,0.78,0.87,14.44,89.53,7.22,0,LOW
Tuna,3.3,2.47,3.53,60.79,87.45,22.67,0,MEDIUM
Snapper,2.47,2.18,3.0,70.0,83.15,17.06,0,MEDIUM
Sardine,4.6,3.35,5.08,6.5,78.61,18.83,1,MEDIUM
Sardine,10.03,11.9,15.07,70.28,65.99,5.64,8,HIGH
Mackerel,14.61,14.82,19.0,5.5,61.87,5.09,8,HIGH
Tuna,10.88,11.3,17.43,44.86,67.67,20.81,8,HIGH
Sardine,0.33,-0.64,-0.3,27.86,81.57,18.61,0,LOW
Snapper,3.46,2.64,4.28,17.23,84.8,17.46,0,LOW
Sardine,1.11,2.75,3.03,37.89,76.61,12.44,0,LOW
Snapper,11.25,10.89,16.28,43.1,76.03,5.86,8,HIGH
Sardine,2.33,2.93,3.63,5.28,88.45,19.82,0,MEDIUM
Sardine,4.83,4.74,6.59,25.68,88.84,16.07,1,MEDIUM
Sardine,5.4,5.36,7.1,53.3,87.87,11.3,1,HIGH
Tilapia,1.97,1.98,2.18,54.06,77.98,21.53,0,LOW
Sardine,3.27,2.82,3.06,38.59,77.97,21.25,0,LOW
Mackerel,7.66,7.33,9.86,20.41,79.35,7.75,5,HIGH
Mackerel,0.1,1.2,2.26,56.54,76.05,18.08,0,MEDIUM
Tuna,5.2,4.87,6.35,34.19,77.94,9.71,2,MEDIUM
Sardine,6.3,5.76,8.57,22.51,68.93,9.18,2,HIGH
Snapper,6.29,8.22,11.71,71.92,84.29,14.92,2,HIGH
Tilapia,13.16,13.33,18.64,34.88,63.08,12.12,11,HIGH
Tilapia,2.97,3.93,6.61,57.3,72.39,20.42,1,MEDIUM
Sardine,7.95,8.06,11.0,44.05,77.05,22.56,5,HIGH
Tilapia,2.31,3.04,4.38,68.4,74.29,9.97,1,MEDIUM
Tuna,2.53,2.67,4.02,65.84,87.86,3.79,2,MEDIUM
Mackerel,5.6,5.44,8.27,31.53,93.94,10.66,4,HIGH
Sardine,6.33,7.59,10.72,1.31,90.05,13.92,3,HIGH
Mackerel,-0.87,-0.17,0.61,29.06,87.15,18.06,0,MEDIUM
Snapper,-1.63,-0.24,0.05,62.19,81.15,15.59,0,MEDIUM
Sardine,11.87,10.29,15.31,52.82,95.09,18.23,9,HIGH
Snapper,3.21,2.7,4.07,57.52,80.2,21.83,0,MEDIUM
Tilapia,-0.58,0.1,0.48,29.55,77.03,5.78,0,MEDIUM
Snapper,6.86,6.1,8.2,15.98,84.18,22.06,2,HIGH
Tuna,6.67,7.89,10.58,44.94,91.02,18.36,4,HIGH
Tuna,3.1,2.12,3.53,63.24,85.93,12.9,0,MEDIUM
Snapper,6.01,7.5,10.36,36.7,68.54,12.37,4,HIGH
Tilapia,2.68,2.15,3.52,49.14,78.7,12.79,0,LOW
Tilapia,2.31,2.18,3.62,70.88,85.83,8.77,0,MEDIUM
Mackerel,5.46,5.45,6.64,21.17,79.07,19.01,1,MEDIUM
Sardine,12.45,14.07,18.57,44.05,89.27,15.97,7,HIGH
Snapper,1.11,-0.12,0.95,4.92,83.45,8.68,0,LOW
Snapper,3.05,4.62,7.81,62.53,66.53,18.03,3,HIGH
Snapper,3.63,5.36,8.96,2.93,72.37,23.03,3,MEDIUM
Sardine,6.59,7.04,11.27,46.47,79.28,5.24,5,HIGH
Tilapia,6.73,7.75,10.8,65.11,69.23,22.16,5,HIGH
Tilapia,-1.72,-0.32,-0.01,6.06,76.35,23.76,0,LOW
Tuna,2.35,2.31,3.18,63.63,86.62,15.5,0,MEDIUM
Tuna,4.31,4.49,6.39,57.56,80.29,6.63,2,MEDIUM
Mackerel,0.66,-0.01,1.25,61.81,79.95,2.33,0,MEDIUM
Snapper,-0.79,-0.13,0.9,41.39,88.65,7.31,0,MEDIUM
Sardine,3.0,4.18,6.4,48.91,72.97,16.54,0,MEDIUM
Sardine,1.63,0.79,1.4,32.31,76.3,17.96,0,MEDIUM
Sardine,8.39,6.68,10.96,45.0,79.18,22.31,2,HIGH
Snapper,4.2,4.11,6.58,35.19,71.58,22.16,1,MEDIUM
Mackerel,6.38,5.37,7.27,7.76,73.98,0.51,1,MEDIUM
Sardine,7.29,7.43,9.53,67.82,82.1,4.43,3,HIGH
Tilapia,-0.35,1.57,2.18,65.31,86.39,12.25,0,MEDIUM
Sardine,7.89,7.9,12.9,19.66,73.61,14.19,5,HIGH
Mackerel,15.69,14.92,20.56,15.47,92.68,12.92,7,HIGH
Sardine,5.49,5.71,9.03,57.69,94.55,6.82,2,HIGH
Snapper,1.41,1.19,2.03,29.99,82.58,18.11,0,MEDIUM
Snapper,-1.8,-0.49,-0.21,17.18,87.76,18.34,0,LOW
Mackerel,1.77,2.07,3.71,5.61,84.43,1.79,0,LOW
Tuna,2.73,2.08,4.77,32.44,83.34,2.19,0,LOW
Tuna,7.7,8.07,10.11,11.65,92.12,5.27,4,HIGH
Tuna,5.27,4.54,6.74,34.88,80.87,8.95,2,MEDIUM
Snapper,-0.71,-0.82,-0.29,32.18,85.67,15.63,0,LOW
Mackerel,6.96,7.74,11.88,43.84,68.08,6.27,4,HIGH
Tuna,-0.26,0.82,1.44,66.72,77.65,5.23,0,MEDIUM
Tuna,7.29,7.14,14.77,69.88,60.46,21.79,8,HIGH
Snapper,8.35,11.4,14.79,30.63,83.33,13.94,5,HIGH
Snapper,0.04,1.96,2.07,34.55,85.95,12.48,0,LOW
Tilapia,11.15,12.86,17.71,33.94,66.64,22.65,7,HIGH
Tilapia,1.76,2.44,3.01,44.92,87.78,22.28,0,MEDIUM
Sardine,-0.03,1.77,3.25,48.87,77.26,8.48,0,MEDIUM
Mackerel,3.98,4.64,6.21,37.93,77.37,20.3,0,MEDIUM
Tuna,11.57,12.21,15.79,11.06,93.63,4.09,8,HIGH
Tuna,0.94,0.15,0.36,38.05,81.62,7.07,0,MEDIUM
Sardine,-0.44,1.46,2.02,1.98,84.77,6.33,0,LOW
Mackerel,1.46,2.24,2.81,2.55,82.96,12.61,0,LOW
Tilapia,1.23,0.69,0.84,2.58,86.74,14.63,0,LOW
Mackerel,4.1,2.15,3.1,4.01,88.94,10.96,0,LOW
Sardine,1.4,2.51,4.19,60.83,70.36,8.11,0,LOW
Snapper,7.01,5.42,7.37,19.87,71.14,12.35,0,MEDIUM
Tuna,-0.1,0.69,2.09,19.38,82.54,12.36,0,LOW
Sardine,2.5,2.98,5.69,70.33,78.58,4.88,2,HIGH
Sardine,1.56,0.57,0.87,48.91,85.2,6.69,0,LOW
Mackerel,-0.98,0.4,1.47,61.54,82.0,13.94,0,MEDIUM
Mackerel,10.9,9.74,12.94,17.93,78.79,18.06,6,HIGH
Mackerel,7.15,8.25,12.07,71.49,86.31,8.53,2,HIGH
Tilapia,3.83,3.87,5.22,66.86,83.49,6.72,0,LOW
Mackerel,-0.61,-0.04,0.37,14.7,75.49,9.4,0,LOW
Tuna,0.74,0.36,0.85,15.35,76.35,18.28,0,LOW
Tilapia,11.5,11.03,16.69,55.3,71.95,20.34,11,HIGH
Tilapia,3.88,4.68,7.3,7.7,76.79,23.87,2,MEDIUM
Tilapia,1.11,1.62,1.68,43.77,86.55,20.64,0,MEDIUM
Sardine,1.01,0.1,0.72,19.83,75.64,9.73,0,MEDIUM
Snapper,6.14,5.58,10.26,36.68,77.78,10.32,3,HIGH
Tilapia,2.95,2.53,4.24,59.5,82.45,6.53,0,LOW
Sardine,8.62,8.37,12.88,13.07,69.26,19.73,5,HIGH
Mackerel,2.0,2.72,2.89,5.18,83.46,14.55,0,LOW
Tilapia,3.92,4.77,8.31,67.53,84.89,21.53,3,HIGH
Mackerel,-0.45,0.29,1.17,12.1,85.77,2.95,0,LOW
Sardine,6.3,5.05,7.02,9.1,90.29,22.35,2,HIGH
Sardine,-0.8,0.42,1.1,64.78,81.24,6.45,0,MEDIUM
Snapper,5.0,4.77,6.88,7.68,75.17,22.82,2,MEDIUM
Sardine,8.55,8.01,10.41,22.08,76.05,1.92,5,HIGH
Mackerel,-0.16,0.02,0.6,45.51,77.95,9.62,0,MEDIUM
Mackerel,5.78,4.7,6.46,38.06,82.93,21.88,1,MEDIUM
Snapper,2.01,0.72,1.76,7.59,89.8,13.71,0,LOW
Sardine,0.52,2.01,2.77,45.66,85.85,14.89,0,LOW
Tilapia,8.56,7.98,10.09,62.08,81.69,15.74,5,HIGH
Tilapia,-0.69,0.36,1.41,64.05,78.07,18.46,0,MEDIUM
Tilapia,-1.22,0.17,1.63,22.84,85.62,7.53,0,LOW
Sardine,3.64,4.67,6.69,54.71,86.88,11.58,2,HIGH
Mackerel,4.22,3.14,5.18,64.77,79.49,23.88,1,MEDIUM
Snapper,0.33,-0.28,0.25,55.25,79.31,12.16,0,LOW
Tuna,7.39,7.26,10.6,71.01,63.05,5.41,5,HIGH
Tilapia,1.31,1.29,2.04,59.7,83.71,3.76,0,LOW
Sardine,3.46,5.04,6.78,13.09,82.49,2.12,1,MEDIUM
Tilapia,1.14,1.89,1.99,7.31,87.94,1.06,0,LOW
Sardine,2.78,2.41,2.77,57.48,83.22,11.99,0,MEDIUM
Tuna,9.57,8.2,15.35,63.93,61.97,16.13,8,HIGH
Snapper,1.09,0.67,1.22,24.21,82.82,7.68,0,LOW
Sardine,1.69,0.46,0.69,10.5,88.08,16.81,0,MEDIUM
Snapper,-0.31,-0.4,-0.38,71.09,75.71,1.55,0,LOW
Snapper,4.6,4.79,8.56,43.26,75.78,23.79,3,HIGH
Sardine,0.41,-0.24,-0.06,57.25,83.33,18.2,0,MEDIUM
Tilapia,6.7,5.49,9.16,67.17,73.92,16.52,5,HIGH
Snapper,5.0,3.88,5.86,38.46,72.36,2.08,2,MEDIUM
Snapper,-0.56,-0.21,0.94,52.52,76.45,2.11,0,MEDIUM
Snapper,2.68,4.21,6.73,23.89,85.8,16.89,0,LOW
Snapper,9.74,11.7,18.02,12.39,88.73,5.26,7,HIGH
Tilapia,3.04,3.68,5.83,42.55,78.89,15.95,0,LOW
Tuna,6.2,7.07,11.44,8.18,81.13,6.92,5,HIGH
Sardine,3.35,5.06,7.41,53.12,83.03,19.94,0,MEDIUM
Tuna,2.21,4.07,5.75,37.9,89.01,9.15,2,MEDIUM
Tilapia,-1.0,-0.43,-0.14,36.87,80.6,6.02,0,LOW
Snapper,1.3,2.26,2.84,8.87,86.59,14.8,0,LOW
Tuna,10.79,10.22,13.47,40.21,93.58,5.48,11,HIGH
Snapper,7.31,6.49,8.6,20.68,93.51,1.75,4,HIGH
Sardine,13.89,14.5,20.16,9.48,77.58,2.77,10,HIGH
Sardine,1.64,2.35,2.57,16.27,78.4,4.34,0,LOW
Mackerel,1.83,1.5,2.87,65.08,77.26,19.98,0,MEDIUM
Tilapia,5.99,4.17,6.45,42.58,70.36,18.86,1,MEDIUM
Sardine,-0.1,-0.95,-0.19,25.12,82.61,6.37,0,LOW
Tuna,2.12,2.88,3.14,39.57,79.79,12.23,0,MEDIUM
Tilapia,5.57,5.33,6.9,33.92,70.55,1.23,1,MEDIUM
Sardine,4.07,4.37,6.87,3.93,83.29,2.85,0,LOW
Tilapia,6.92,5.48,6.52,39.71,86.52,15.07,1,MEDIUM
Tilapia,3.21,5.01,6.25,6.45,70.57,5.07,0,LOW
Snapper,1.93,0.78,1.28,29.57,77.49,18.54,0,MEDIUM
Sardine,0.81,2.44,4.03,29.89,90.09,22.65,2,HIGH
Tilapia,3.85,4.34,6.25,11.24,86.58,14.93,2,LOW
Snapper,1.14,3.23,6.0,55.88,88.02,6.87,0,LOW
Tuna,2.49,2.44,3.68,69.13,88.53,5.87,0,MEDIUM
Tilapia,12.04,11.57,16.68,18.13,73.02,2.44,9,HIGH
Tilapia,4.14,5.11,7.37,15.86,79.43,19.84,2,MEDIUM
Tilapia,2.33,1.87,3.01,21.66,83.62,21.22,0,MEDIUM
Mackerel,7.63,7.16,11.7,58.79,94.79,18.0,4,HIGH
Tuna,9.61,10.16,15.98,60.69,64.03,9.82,8,HIGH
Snapper,1.79,0.97,2.18,41.81,88.43,11.48,0,LOW
Mackerel,3.56,3.57,5.36,34.52,82.8,19.72,1,MEDIUM
Tilapia,5.31,5.87,10.27,21.26,69.6,17.87,4,HIGH
Snapper,0.7,1.69,2.07,28.07,82.67,21.08,0,LOW
Mackerel,4.95,5.16,9.62,62.82,65.96,16.69,5,HIGH
Sardine,2.09,2.25,3.31,17.33,82.03,4.5,0,LOW
Tilapia,6.69,5.4,6.9,17.07,73.07,12.32,0,MEDIUM
Mackerel,6.09,7.1,12.88,30.13,90.68,4.45,8,HIGH
Tilapia,7.62,7.64,10.05,22.21,91.79,13.54,2,HIGH
Mackerel,0.45,0.09,0.78,51.18,77.72,14.02,0,LOW
Snapper,4.51,5.2,9.49,15.65,75.82,4.89,2,HIGH
Sardine,-1.13,-0.1,0.99,63.63,87.56,19.24,0,MEDIUM
Tilapia,6.43,7.29,11.32,8.14,84.58,7.92,4,HIGH
Tilapia,3.18,2.78,3.45,71.36,85.13,4.3,0,MEDIUM
Mackerel,4.55,4.7,8.96,37.5,75.64,6.6,5,HIGH
Tilapia,-2.0,-0.59,0.37,50.12,80.27,16.64,0,MEDIUM
Tuna,4.1,5.27,7.04,71.18,71.65,20.4,1,HIGH
Snapper,6.65,4.19,5.9,35.96,86.95,1.94,1,MEDIUM
Sardine,3.46,2.42,3.91,12.77,86.08,1.56,1,MEDIUM
Mackerel,7.39,7.27,9.39,43.37,81.76,10.71,3,HIGH
Tuna,7.69,9.3,15.7,53.47,96.32,11.43,9,HIGH
Tuna,3.08,2.25,3.35,33.86,78.33,19.92,0,MEDIUM
Sardine,4.83,4.27,5.82,56.87,78.18,10.68,2,MEDIUM
Tilapia,0.22,-0.16,0.72,55.49,78.49,9.35,0,LOW
Tilapia,0.62,0.73,1.95,67.71,79.81,16.03,0,LOW
Snapper,6.9,6.33,9.57,8.4,80.76,10.25,3,HIGH
Snapper,5.68,3.95,6.81,33.5,70.8,0.98,0,MEDIUM
Tilapia,-0.67,-0.13,0.28,1.07,81.02,4.3,0,LOW
Mackerel,-0.34,1.2,1.69,2.72,83.23,22.62,0,LOW
Mackerel,-2.0,-0.41,1.06,71.06,84.26,2.58,0,MEDIUM
Tuna,9.19,8.63,14.75,11.6,74.59,23.93,8,HIGH
Tilapia,2.33,1.6,3.05,41.31,75.86,17.05,0,MEDIUM
Snapper,5.79,4.36,6.27,61.66,73.41,1.31,0,MEDIUM
Mackerel,6.17,7.06,10.87,42.88,85.62,16.57,9,HIGH
Tilapia,3.32,1.79,2.68,63.62,78.11,16.17,0,MEDIUM
Tilapia,0.88,3.13,4.3,16.8,70.25,19.65,2,MEDIUM
Mackerel,0.89,0.13,0.76,69.0,79.87,21.07,0,MEDIUM
Snapper,4.27,5.09,9.83,12.15,80.54,0.78,2,MEDIUM
Mackerel,14.36,13.38,21.23,19.26,63.83,13.26,6,HIGH
Mackerel,0.89,1.3,1.57,10.1,82.04,22.37,0,LOW
Mackerel,4.87,4.87,7.18,44.57,85.75,7.04,2,HIGH
Sardine,2.34,1.43,1.52,39.97,78.62,4.27,0,LOW
Mackerel,8.06,7.79,10.72,34.57,81.47,15.9,4,HIGH
Tuna,5.05,7.78,14.93,53.94,82.58,2.49,6,HIGH
Mackerel,2.09,2.39,3.55,64.14,86.52,18.41,2,HIGH
Tilapia,2.59,1.84,3.26,17.66,76.37,9.74,0,LOW
Sardine,6.58,6.4,10.11,62.04,69.24,14.66,2,HIGH
Mackerel,0.56,2.16,2.26,70.96,78.81,17.09,0,MEDIUM
Sardine,-0.85,-0.26,0.69,55.3,80.7,11.01,0,MEDIUM
Sardine,10.7,8.4,11.78,63.95,92.56,2.79,3,HIGH
Sardine,4.95,4.74,6.97,16.31,83.58,6.84,2,MEDIUM
Tilapia,3.06,3.55,5.04,30.09,78.23,4.78,0,MEDIUM
Snapper,8.26,6.29,8.34,62.71,89.47,21.81,4,HIGH
Snapper,2.18,1.44,2.36,9.09,79.01,15.99,0,LOW
Mackerel,6.82,5.77,8.38,66.26,78.61,21.06,5,HIGH
Tuna,7.6,8.36,11.75,28.71,66.42,6.56,5,HIGH
Tuna,8.46,8.56,16.36,49.0,88.91,8.29,6,HIGH
Sardine,1.92,2.75,3.2,47.61,78.83,11.11,0,MEDIUM
Sardine,3.04,2.56,4.9,24.6,76.0,8.28,2,MEDIUM
Mackerel,2.22,2.67,4.05,68.02,72.84,10.53,0,MEDIUM
Tilapia,10.26,7.79,11.0,5.03,88.92,18.76,6,HIGH
Sardine,-0.63,0.21,0.47,59.72,89.94,15.53,0,MEDIUM
Tuna,6.21,7.93,10.49,26.12,65.02,3.41,4,HIGH
Mackerel,0.02,-0.72,-0.63,70.74,88.74,23.16,0,MEDIUM
Tuna,2.8,1.86,2.76,14.39,85.36,2.3,0,LOW
Snapper,11.36,12.38,18.93,3.85,97.41,20.87,9,HIGH
Sardine,-0.26,1.03,2.43,13.34,78.86,1.86,0,LOW
Mackerel,2.66,1.91,3.2,14.85,77.15,1.13,0,LOW
Mackerel,4.81,4.27,6.04,11.96,82.21,22.4,1,MEDIUM
Tilapia,13.66,14.33,20.58,1.26,95.27,1.97,10,HIGH
Mackerel,2.38,0.41,1.46,11.4,86.86,18.08,0,LOW
Tuna,-0.58,-0.95,-0.53,58.64,79.96,18.36,0,MEDIUM
Mackerel,2.1,2.23,3.25,35.33,77.92,10.82,0,LOW
Sardine,1.02,1.07,1.22,68.74,77.46,7.19,0,MEDIUM
Mackerel,1.68,2.59,3.44,9.15,88.79,13.57,0,LOW
Mackerel,0.45,2.21,3.53,40.26,82.09,6.87,0,MEDIUM
Snapper,2.78,2.22,2.37,4.05,79.63,2.36,0,LOW
Tilapia,1.43,2.25,4.21,55.2,75.02,22.86,2,MEDIUM
Mackerel,3.86,2.84,3.73,50.99,84.62,19.77,0,MEDIUM
Tuna,3.61,3.13,4.34,20.57,84.62,2.71,1,MEDIUM
Tuna,5.22,4.2,6.04,26.04,71.98,17.43,0,LOW
Sardine,2.04,3.7,6.64,35.02,86.64,1.12,1,MEDIUM
Tuna,0.64,0.02,1.52,5.39,85.78,1.1,0,LOW
Snapper,3.35,2.25,5.12,21.72,82.01,2.0,2,LOW
Snapper,5.39,4.91,7.16,51.25,65.37,19.33,5,HIGH
Mackerel,3.56,4.96,6.78,68.03,81.14,6.96,0,MEDIUM
Snapper,-0.37,-0.03,0.52,63.7,80.27,7.37,0,MEDIUM
Snapper,2.25,2.29,2.52,48.7,76.55,19.19,0,MEDIUM
Tilapia,3.58,4.71,6.49,24.35,72.55,12.14,2,MEDIUM
Tuna,0.69,1.24,1.96,23.58,85.17,8.64,0,LOW
Mackerel,2.88,3.1,4.76,10.59,85.27,10.86,1,LOW
Tuna,1.98,2.42,2.67,1.72,82.61,22.01,0,LOW
Snapper,5.82,5.34,6.91,15.39,90.29,16.6,0,LOW
Snapper,6.39,5.31,7.18,70.16,73.04,1.17,0,MEDIUM
Mackerel,8.37,8.21,10.43,5.89,85.76,20.11,4,HIGH
Tuna,5.19,5.18,7.93,36.92,81.35,2.87,2,MEDIUM
Snapper,1.39,2.47,4.49,45.02,76.59,18.99,1,MEDIUM
Tuna,2.17,2.4,3.69,29.59,80.13,4.12,0,LOW
Mackerel,1.71,2.51,3.9,40.59,87.32,23.64,0,MEDIUM
Tilapia,-0.53,-0.7,0.15,1.5,79.93,14.51,0,LOW
Mackerel,-1.12,-0.84,-0.29,49.21,88.18,18.28,0,MEDIUM
Mackerel,2.28,2.29,3.32,3.49,83.39,23.79,0,MEDIUM
Sardine,16.1,14.22,17.32,57.06,90.09,0.66,10,HIGH
Mackerel,6.6,7.67,11.53,69.64,74.04,10.82,3,HIGH
Tilapia,1.58,3.43,5.54,65.54,79.51,22.4,1,MEDIUM
Mackerel,5.18,4.47,7.14,54.23,82.39,16.4,1,HIGH
Mackerel,-1.2,0.99,1.88,44.31,75.04,3.53,0,MEDIUM
Sardine,7.5,7.37,11.64,41.51,90.63,0.52,3,HIGH
Mackerel,4.89,4.51,6.65,20.74,87.82,23.04,2,MEDIUM
Tilapia,7.17,8.45,13.37,13.22,87.66,13.27,3,HIGH
Snapper,6.65,6.58,11.19,31.7,76.43,3.05,5,HIGH
Tuna,2.31,2.35,3.08,34.62,75.73,4.36,0,LOW
Sardine,4.47,5.41,9.19,64.1,69.63,13.29,4,HIGH
Tilapia,2.03,0.32,1.03,9.13,82.2,20.52,0,LOW
Snapper,7.26,6.71,9.74,36.38,73.77,22.26,2,HIGH
Tilapia,4.69,3.8,6.22,70.11,89.9,19.59,1,MEDIUM
Tilapia,6.19,6.43,10.94,22.8,87.86,10.97,2,HIGH
Mackerel,1.55,0.55,1.78,6.23,78.85,18.49,0,LOW
Sardine,4.69,4.53,7.36,35.38,87.62,18.81,2,HIGH
Mackerel,5.19,5.81,10.23,71.83,67.6,20.93,3,HIGH
Sardine,10.52,10.51,14.94,16.62,64.94,22.49,11,HIGH
Sardine,0.37,-0.01,0.28,24.25,78.39,14.95,0,LOW
Tuna,7.38,6.91,10.99,69.46,69.79,15.11,3,HIGH
Mackerel,1.16,0.8,2.06,63.85,85.03,16.3,0,MEDIUM
Snapper,-0.01,-0.57,0.87,42.82,83.98,1.95,0,LOW
Sardine,5.78,5.37,9.78,58.92,73.3,4.65,4,HIGH
Tilapia,3.4,2.02,2.55,62.0,80.84,7.49,0,LOW
Snapper,0.18,-0.19,0.29,30.61,76.24,21.17,0,LOW
Mackerel,0.41,-0.15,1.21,18.07,88.35,10.37,0,LOW
Mackerel,-0.5,0.52,1.38,22.03,80.4,8.63,0,LOW
Mackerel,7.64,8.01,10.98,53.39,73.34,4.52,5,HIGH
Tilapia,2.32,3.7,5.07,44.67,77.66,9.46,2,MEDIUM
Tuna,1.36,1.4,1.54,31.07,83.14,7.54,0,MEDIUM
Tilapia,1.58,0.72,2.05,49.59,78.66,1.93,0,MEDIUM
Tuna,-0.56,0.33,1.33,62.6,81.59,18.32,0,MEDIUM
Snapper,8.64,7.91,12.41,67.36,86.91,11.67,5,HIGH
Tuna,5.22,4.98,6.84,69.29,88.03,6.35,1,HIGH
Tilapia,9.67,8.25,12.97,12.88,82.21,23.41,4,HIGH
Mackerel,8.31,7.68,11.01,61.81,71.34,12.5,3,HIGH
Tuna,5.07,5.5,10.13,7.02,74.29,12.52,2,HIGH
Sardine,6.85,6.36,9.39,66.88,72.85,4.38,3,HIGH
Tuna,-1.33,-0.65,-0.27,37.39,75.88,8.42,0,MEDIUM
Snapper,2.99,4.21,7.09,57.26,84.98,12.05,1,MEDIUM
Snapper,6.1,4.81,9.09,67.24,67.55,5.82,2,HIGH
Snapper,4.51,5.25,8.17,16.73,77.68,8.13,1,MEDIUM
Tuna,-0.66,-0.39,0.46,56.26,84.8,10.26,0,MEDIUM
Tuna,0.27,-0.17,0.3,12.18,77.67,16.15,0,MEDIUM
Mackerel,6.66,5.27,7.87,5.37,73.03,10.63,2,MEDIUM
Tilapia,2.13,0.71,1.13,55.56,85.29,15.25,0,MEDIUM
Tuna,0.3,1.89,2.71,67.43,79.06,15.17,0,MEDIUM
Tilapia,3.45,4.17,6.0,49.68,76.39,1.44,1,MEDIUM
Tilapia,5.43,5.63,9.68,52.99,84.58,17.08,5,HIGH
Sardine,0.72,0.13,0.77,28.76,79.17,14.69,0,LOW
Mackerel,4.91,6.25,10.37,3.0,67.44,16.38,2,HIGH
Tuna,7.71,9.59,15.41,34.16,69.78,9.21,7,HIGH
Snapper,-0.48,-0.52,0.98,68.66,81.18,0.97,0,MEDIUM
Mackerel,4.34,4.51,7.34,71.07,80.2,20.46,1,MEDIUM
Sardine,9.34,9.04,12.75,66.65,79.6,15.07,10,HIGH
Sardine,0.87,0.6,0.8,58.53,77.88,17.06,0,MEDIUM
Mackerel,1.86,1.67,2.89,59.21,88.22,12.52,0,LOW
Tilapia,4.77,5.03,6.8,39.68,76.71,16.02,1,MEDIUM
Mackerel,1.99,2.76,5.5,40.76,90.3,13.11,0,LOW
Mackerel,4.97,5.06,9.79,3.56,82.58,12.18,4,HIGH
Tilapia,1.24,0.37,1.34,6.19,82.47,4.86,0,LOW
Snapper,1.47,2.62,5.39,63.18,74.61,7.44,0,LOW
Tuna,12.84,14.55,21.13,71.22,62.62,22.75,7,HIGH
Sardine,-0.23,0.26,0.46,25.49,85.42,2.62,0,LOW
Tuna,2.85,2.55,4.42,38.05,90.98,5.13,0,MEDIUM
Tuna,-1.17,-0.19,-0.11,47.28,77.09,2.55,0,MEDIUM
Tilapia,3.45,2.82,4.56,34.14,71.58,23.78,1,MEDIUM
Tilapia,8.86,10.38,13.79,2.0,72.3,2.74,11,HIGH
Snapper,1.07,-0.28,0.8,18.11,80.36,13.15,0,LOW
Tilapia,0.33,0.98,1.21,19.73,77.42,4.55,0,LOW
Tuna,2.15,1.26,2.08,7.23,78.76,17.45,0,LOW
Snapper,0.12,-0.23,0.25,68.23,88.54,15.82,0,MEDIUM
Sardine,5.28,5.17,7.19,39.78,77.81,3.41,1,MEDIUM
Tuna,0.42,2.39,2.96,54.5,87.32,3.68,0,LOW
Mackerel,11.83,10.84,15.14,51.94,70.07,22.82,9,HIGH
Mackerel,4.43,3.92,5.81,68.69,88.69,9.79,1,MEDIUM
Snapper,6.8,8.37,12.48,57.03,82.58,7.11,5,HIGH
Tuna,5.93,5.19,6.55,13.41,84.24,1.18,2,MEDIUM
Mackerel,3.15,4.27,6.42,20.47,79.92,17.64,0,MEDIUM
Tuna,0.47,1.16,2.55,6.2,83.09,4.69,0,LOW
Tilapia,8.74,7.84,10.4,42.97,71.58,15.11,2,HIGH
Mackerel,10.53,9.36,15.65,65.43,81.27,2.74,9,HIGH
Snapper,9.13,8.16,11.72,55.73,74.65,12.26,4,HIGH
Mackerel,0.39,1.36,2.66,68.52,79.77,19.26,0,MEDIUM
Sardine,6.64,6.04,11.03,57.69,80.56,21.85,4,HIGH
Tuna,6.86,7.01,10.29,36.72,80.28,20.62,2,HIGH
Tilapia,7.74,7.68,10.85,34.68,66.0,6.5,2,HIGH
Tilapia,2.63,1.76,2.41,34.65,81.24,14.15,0,LOW
Tuna,7.75,7.57,12.82,20.9,67.88,20.71,5,HIGH
Mackerel,2.71,2.87,3.91,33.63,78.89,23.11,1,MEDIUM
Mackerel,10.47,9.36,16.31,71.0,81.11,15.87,9,HIGH
Sardine,4.57,5.01,9.11,58.29,79.53,2.95,5,HIGH
Snapper,1.52,0.97,1.09,60.35,85.86,7.08,0,LOW
Tuna,2.06,2.41,5.18,58.24,72.25,2.99,2,MEDIUM
Tuna,3.97,4.61,7.11,15.38,71.36,16.93,0,LOW
Tuna,0.06,0.8,0.97,49.21,83.51,2.17,0,LOW
Tuna,2.33,2.64,3.66,16.51,77.36,21.01,2,MEDIUM
Sardine,0.62,1.23,1.61,52.99,89.64,18.67,0,MEDIUM
Sardine,-0.52,-0.31,0.26,47.53,88.02,18.9,0,MEDIUM
Snapper,2.05,3.78,6.22,2.48,75.79,5.1,2,LOW
Sardine,0.88,-0.4,-0.12,6.02,82.96,1.22,0,LOW
Snapper,5.65,5.35,6.9,59.0,89.53,16.62,1,MEDIUM
Snapper,2.73,3.48,6.11,62.24,86.65,5.47,1,MEDIUM
Sardine,1.82,0.62,1.9,1.52,79.34,8.85,0,LOW
Tuna,1.86,2.59,2.82,71.59,88.65,14.71,0,MEDIUM
Sardine,-1.58,-0.74,-0.63,29.61,83.85,10.95,0,LOW
Tuna,6.53,4.41,6.35,25.87,85.7,0.79,1,LOW
Mackerel,3.51,3.2,6.08,57.66,83.8,6.58,0,MEDIUM
Sardine,3.2,1.48,2.88,29.18,86.82,19.87,0,MEDIUM
Snapper,4.56,4.16,5.28,53.64,82.12,20.24,2,MEDIUM
Mackerel,9.04,7.81,15.51,5.99,78.01,0.93,7,HIGH
Tuna,0.2,1.05,2.26,52.85,76.91,22.82,0,MEDIUM
Snapper,8.04,6.58,11.08,47.57,70.49,1.72,5,HIGH
Tilapia,6.45,5.33,6.96,18.24,80.7,13.23,2,MEDIUM
Snapper,12.29,12.96,16.55,11.41,78.06,10.65,9,HIGH
Tuna,1.44,1.05,1.3,52.38,83.86,5.09,0,MEDIUM
Mackerel,6.01,4.6,8.17,60.78,71.75,22.01,5,HIGH
Mackerel,-1.06,-0.38,0.7,54.98,83.73,12.69,0,MEDIUM
Mackerel,1.21,0.76,1.03,56.26,86.35,19.25,0,MEDIUM
Sardine,3.98,4.58,7.4,27.67,82.87,21.06,5,HIGH
Tilapia,0.81,0.49,0.56,19.25,86.14,18.72,0,LOW
Snapper,-1.53,-0.99,-0.23,44.57,79.57,5.87,0,LOW
Tilapia,2.88,3.33,4.7,22.88,75.21,21.7,1,MEDIUM
Tuna,7.01,5.99,9.72,22.04,89.86,7.59,2,HIGH
Tilapia,-1.78,0.26,1.58,33.52,88.68,9.46,0,LOW
Tilapia,2.48,2.07,4.76,47.89,91.42,12.91,1,LOW
Mackerel,2.18,1.34,1.4,30.45,87.37,8.19,0,MEDIUM
Mackerel,6.21,8.4,12.16,17.72,85.02,21.78,9,HIGH
Tuna,1.0,1.59,1.65,39.08,82.43,6.09,0,MEDIUM
Sardine,9.35,10.67,16.85,62.38,90.04,7.08,10,HIGH
Mackerel,0.76,0.15,0.95,71.73,82.87,3.02,0,MEDIUM
Sardine,-0.73,0.43,1.15,55.71,82.41,0.94,0,LOW
Sardine,2.93,3.61,4.87,14.33,78.74,18.27,1,LOW
Tuna,5.23,3.81,6.56,22.32,72.68,10.63,0,MEDIUM
Snapper,5.85,5.48,7.74,61.39,77.41,17.73,3,HIGH
Tuna,7.4,7.23,9.93,23.52,81.52,15.87,4,HIGH
Snapper,2.5,2.32,4.65,26.99,89.05,1.64,1,LOW
Tuna,8.79,10.95,15.73,18.91,70.45,17.55,5,HIGH
Tilapia,1.74,1.73,1.74,53.97,85.14,18.59,0,MEDIUM
Mackerel,4.33,4.6,8.71,58.76,72.28,4.27,4,HIGH
Snapper,5.18,4.64,5.72,63.22,82.67,4.32,1,MEDIUM
Tilapia,3.68,2.39,2.68,35.74,87.32,2.27,0,LOW
Sardine,8.12,7.9,12.84,36.91,85.16,21.95,4,HIGH
Tuna,5.87,5.44,8.93,16.01,86.89,23.48,4,HIGH
Snapper,-0.15,0.33,0.92,71.05,84.35,15.81,0,MEDIUM
Tilapia,2.43,3.13,5.84,62.35,72.34,7.64,2,MEDIUM
Mackerel,4.91,3.63,5.28,32.71,72.99,12.54,1,MEDIUM
Mackerel,1.02,2.75,3.71,45.22,88.49,20.46,0,MEDIUM
Snapper,-1.13,0.06,0.47,20.26,81.71,15.74,0,LOW
Mackerel,2.16,0.36,1.4,15.25,77.64,0.52,0,LOW
Tuna,1.15,0.09,1.58,23.01,88.78,11.4,0,MEDIUM
Tilapia,8.95,7.71,10.09,63.63,77.5,3.02,4,HIGH
Tuna,4.17,2.54,4.92,42.13,80.0,10.1,2,MEDIUM
Snapper,5.13,5.86,10.49,3.48,69.73,7.11,4,HIGH
Mackerel,2.94,2.5,3.72,54.97,71.71,17.82,1,MEDIUM
Tuna,10.15,9.78,14.21,34.49,92.55,6.25,6,HIGH
Tilapia,9.21,7.92,11.12,38.27,77.01,18.73,3,HIGH
Sardine,11.4,10.55,15.27,7.14,65.09,10.56,11,HIGH
Mackerel,1.25,0.39,1.58,64.98,78.69,13.82,0,MEDIUM
Tuna,1.92,1.36,2.12,39.56,77.23,6.78,0,LOW
Tuna,4.24,2.25,3.92,30.11,75.7,7.94,2,MEDIUM
Snapper,10.34,9.75,13.93,4.52,88.35,3.58,11,HIGH
Snapper,3.52,2.73,4.18,3.59,76.29,10.91,1,LOW
Sardine,3.84,5.04,6.26,35.26,81.66,22.22,2,HIGH
Tuna,3.43,3.45,6.43,36.77,90.51,22.17,1,LOW
Tuna,4.53,3.53,5.08,51.37,82.53,15.64,1,HIGH
Sardine,-1.6,-0.98,-0.31,31.57,75.09,2.43,0,LOW
Sardine,4.38,3.08,6.08,69.65,90.16,20.9,0,MEDIUM
Tuna,5.2,5.05,9.1,20.47,79.73,22.95,3,HIGH
Tilapia,-0.15,-0.25,0.47,32.02,87.64,5.41,0,LOW
Mackerel,0.66,0.85,2.07,43.22,85.95,10.75,0,MEDIUM
Tilapia,5.1,4.38,6.4,2.13,90.69,6.05,1,LOW
Sardine,4.66,3.93,6.36,50.99,76.04,10.17,1,MEDIUM
Mackerel,1.77,0.66,1.84,22.26,88.63,16.53,0,MEDIUM
Tilapia,3.08,5.83,10.31,12.08,65.32,21.15,5,HIGH
Tuna,3.29,2.96,4.82,47.57,76.63,3.71,0,MEDIUM
Mackerel,4.53,5.31,9.5,68.42,68.76,11.38,2,HIGH
Snapper,1.89,2.08,3.64,56.04,89.5,16.06,2,MEDIUM
Tilapia,0.42,0.17,0.53,31.77,81.64,6.25,0,MEDIUM
Tilapia,3.27,3.82,5.93,28.51,74.88,9.04,2,LOW
Tilapia,5.17,4.11,5.79,8.74,88.92,16.83,0,LOW
Snapper,8.56,8.8,13.2,50.13,76.8,11.8,7,HIGH
Tuna,4.26,5.11,7.7,13.77,80.97,21.14,0,LOW
Tuna,3.35,5.08,6.32,9.56,85.01,11.44,2,MEDIUM
Tuna,10.04,9.59,16.67,66.35,88.46,10.09,7,HIGH
Snapper,-0.36,0.1,1.42,16.34,82.12,11.9,0,LOW
Mackerel,5.63,5.65,9.92,45.8,88.63,4.11,5,HIGH
Sardine,0.52,1.9,2.84,4.79,77.82,14.49,0,LOW
Sardine,4.56,4.8,6.99,50.07,87.23,5.85,2,HIGH
Mackerel,2.19,2.92,3.26,18.25,78.55,8.98,0,LOW
Sardine,4.0,5.13,7.61,1.66,72.31,9.21,2,MEDIUM
Tilapia,-1.2,-0.88,0.06,23.51,84.4,21.01,0,MEDIUM
Snapper,3.1,3.63,5.04,65.66,87.86,5.76,1,MEDIUM
Sardine,-0.67,0.23,0.73,66.28,84.5,2.92,0,MEDIUM
Mackerel,1.22,2.42,3.48,16.87,80.33,4.46,0,LOW
Snapper,1.73,1.46,1.79,12.83,84.94,1.53,0,LOW
Tilapia,5.89,4.71,7.01,38.76,78.86,5.3,2,MEDIUM
Sardine,6.54,5.29,8.16,32.06,79.6,22.11,5,HIGH
Tilapia,9.26,8.02,11.91,23.87,83.28,14.41,3,HIGH
Sardine,-0.61,-0.97,0.31,44.66,75.7,5.16,0,MEDIUM
Mackerel,2.2,2.54,3.68,23.45,78.61,9.85,0,LOW
Snapper,3.32,3.0,3.34,70.6,87.46,5.8,0,MEDIUM
Snapper,1.75,2.42,5.05,40.02,76.04,14.66,1,MEDIUM
Tilapia,-1.11,-0.36,0.1,37.42,77.17,15.15,0,MEDIUM
Tuna,1.23,0.1,0.86,33.15,79.41,12.38,0,LOW
Tilapia,1.56,0.95,1.18,13.39,80.25,14.16,0,LOW
Snapper,1.77,2.18,5.05,67.55,87.25,7.33,0,LOW
Tilapia,4.21,4.66,6.34,49.95,91.89,15.62,1,MEDIUM
Mackerel,6.24,7.95,11.64,59.61,65.68,11.09,5,HIGH
Mackerel,0.98,0.15,0.92,44.46,87.55,18.2,0,MEDIUM
Mackerel,3.49,2.71,3.61,36.94,86.5,15.13,0,LOW
Snapper,0.96,0.73,1.56,32.2,83.29,5.52,0,LOW
Sardine,7.99,9.4,13.27,63.09,68.34,12.25,11,HIGH
Tilapia,0.79,-0.09,1.17,23.65,84.32,22.34,0,LOW
Tuna,2.22,2.34,3.68,20.65,82.25,15.97,0,LOW
Tuna,3.77,2.76,3.89,42.86,70.08,11.2,0,MEDIUM
Tuna,14.89,14.52,18.14,53.08,75.77,9.11,7,HIGH
Mackerel,1.35,0.33,1.4,4.33,84.39,4.6,0,LOW
Sardine,-0.5,-0.23,-0.23,47.71,82.56,9.55,0,MEDIUM
Tilapia,1.89,2.19,4.92,64.54,70.5,13.95,0,MEDIUM
Sardine,4.34,2.43,4.78,32.46,89.37,8.6,1,MEDIUM
Sardine,1.92,2.9,4.24,13.08,73.75,0.96,2,MEDIUM
Snapper,6.15,7.58,10.95,69.35,77.15,21.91,5,HIGH
Mackerel,4.39,3.31,4.39,8.27,76.44,13.68,1,MEDIUM
Snapper,0.96,0.92,1.59,14.7,77.06,6.04,0,LOW
Tuna,8.17,8.16,11.38,14.07,86.37,3.03,3,HIGH
Tilapia,4.15,3.98,5.25,33.71,76.73,15.85,2,MEDIUM
Mackerel,2.97,2.71,3.91,19.33,80.54,19.39,2,MEDIUM
Snapper,8.42,8.0,11.81,47.21,77.8,14.25,3,HIGH
Tilapia,3.62,2.54,3.1,62.76,75.75,22.05,0,MEDIUM
Tuna,13.92,14.0,21.13,54.71,92.67,14.07,8,HIGH
Snapper,-0.19,1.93,3.36,27.86,79.54,5.19,0,LOW
Sardine,0.25,2.14,2.97,24.58,79.61,11.04,0,LOW
Tilapia,6.73,4.67,6.84,19.62,91.81,2.68,2,MEDIUM
Sardine,4.48,4.54,6.21,71.91,70.27,7.42,1,HIGH
Snapper,0.81,0.7,1.08,25.5,80.2,9.81,0,LOW
Tuna,3.61,2.67,3.28,46.03,79.92,20.8,0,MEDIUM
Mackerel,-1.6,-0.41,0.49,25.41,88.82,18.5,0,LOW
Tuna,6.23,5.49,7.97,48.28,88.27,19.99,3,HIGH
Mackerel,1.24,0.36,0.42,22.17,88.03,2.13,0,LOW
Sardine,7.21,7.16,9.78,47.7,92.4,15.8,4,HIGH
Sardine,11.14,11.77,16.85,46.77,73.82,2.32,11,HIGH
Snapper,14.86,14.08,21.84,59.8,76.26,7.92,5,HIGH
Tilapia,6.37,7.24,13.23,19.15,84.71,17.46,6,HIGH
Tuna,4.14,5.38,9.47,17.9,88.5,18.81,2,HIGH
Sardine,0.72,0.82,2.22,70.46,83.43,11.4,0,MEDIUM
Tuna,4.03,3.44,5.07,49.41,85.13,5.23,0,LOW
Mackerel,-1.94,-0.41,0.42,12.6,85.94,5.82,0,LOW
Tilapia,3.03,2.1,2.6,34.27,77.83,1.24,0,LOW
Snapper,7.44,8.18,12.95,1.43,78.6,22.41,11,HIGH
Mackerel,6.84,5.33,7.96,32.45,83.22,15.96,1,MEDIUM
Snapper,5.05,4.56,5.74,12.04,74.49,3.54,1,LOW
Snapper,8.47,7.77,11.99,25.99,73.12,13.13,3,HIGH
Snapper,2.55,2.02,4.17,38.66,73.84,4.69,1,LOW
Sardine,3.47,2.67,3.8,53.54,72.44,1.8,1,MEDIUM
Sardine,7.6,7.68,10.11,5.47,67.9,22.7,5,HIGH
Tilapia,2.03,1.73,1.92,41.69,78.14,23.97,0,LOW
Sardine,-0.03,0.4,0.95,63.52,88.26,3.86,0,MEDIUM
Tuna,4.06,4.61,6.24,62.09,75.22,6.39,2,MEDIUM
Sardine,9.53,9.45,12.57,9.0,66.51,15.21,8,HIGH
Mackerel,7.18,5.95,8.46,8.18,88.58,13.12,3,HIGH
Tilapia,2.21,3.14,4.37,11.34,73.87,13.9,0,LOW
Snapper,3.49,2.87,4.73,22.75,76.2,5.16,1,MEDIUM
Sardine,14.22,13.48,18.2,60.61,79.71,18.18,8,HIGH
Snapper,0.34,1.43,1.98,40.02,75.02,14.56,0,LOW
Tilapia,3.63,3.02,5.96,33.29,83.68,7.26,1,MEDIUM
Snapper,0.42,-0.3,0.7,24.63,88.19,16.25,0,LOW
Tuna,3.03,2.72,3.26,67.22,76.52,6.31,0,MEDIUM
Sardine,0.26,-0.22,1.1,36.59,77.22,20.77,0,MEDIUM
Sardine,-2.0,-0.49,0.99,54.4,85.15,16.91,0,MEDIUM
Tilapia,1.14,1.87,2.94,21.92,89.26,12.0,0,LOW
Mackerel,2.43,3.49,6.08,45.99,70.21,22.01,0,MEDIUM
Tilapia,3.71,4.01,5.96,65.64,71.48,13.38,2,MEDIUM
Tilapia,3.09,2.2,4.4,51.47,85.6,7.24,1,LOW
Tilapia,6.1,4.19,5.65,5.88,88.38,10.91,0,MEDIUM
Tilapia,1.02,1.57,2.49,53.17,75.16,18.57,0,LOW
Tuna,-1.54,0.69,0.95,9.04,81.31,16.21,0,LOW
Tuna,2.02,1.85,1.92,57.58,83.44,18.92,0,MEDIUM
Tuna,2.39,2.8,4.96,13.97,71.79,21.26,1,MEDIUM
Tuna,2.46,3.26,4.84,57.76,74.46,3.63,1,LOW
Sardine,1.33,2.05,4.11,50.42,72.86,6.54,2,MEDIUM
Tilapia,5.48,4.91,7.14,39.99,89.11,12.62,2,MEDIUM
Sardine,3.03,1.31,2.44,27.48,80.55,4.57,0,MEDIUM
Snapper,3.3,3.47,4.5,64.33,74.3,13.32,2,MEDIUM
Tuna,1.55,1.14,2.42,9.8,86.24,21.67,0,LOW
Sardine,2.17,2.29,2.44,39.08,75.95,10.24,0,LOW
Snapper,14.12,13.71,17.0,70.79,89.35,16.62,9,HIGH
Sardine,-1.26,-0.21,1.03,8.12,89.95,18.44,0,LOW
Mackerel,2.73,2.56,3.76,23.9,88.22,21.8,0,MEDIUM
Tuna,0.39,0.1,1.43,12.07,85.21,22.88,0,LOW
Snapper,4.98,5.2,6.96,56.93,85.83,21.58,1,MEDIUM
Mackerel,0.5,-0.27,1.16,3.61,89.53,9.49,0,LOW
Sardine,8.17,7.51,9.77,18.02,69.29,1.75,3,HIGH
Sardine,0.87,2.64,3.76,30.34,88.98,8.92,0,MEDIUM
Snapper,-0.36,1.99,3.19,38.42,88.14,5.75,0,LOW
Sardine,2.52,1.83,2.65,71.68,85.86,23.87,0,MEDIUM
Tuna,5.87,5.47,9.69,58.64,91.38,11.38,3,HIGH
Sardine,2.47,2.46,3.69,37.88,86.98,21.82,2,HIGH
Tilapia,0.97,0.66,1.56,37.12,86.4,17.58,0,MEDIUM
Sardine,7.49,7.82,10.01,49.21,80.41,17.34,3,HIGH
Sardine,4.4,4.78,6.38,50.41,77.72,20.37,1,HIGH
Mackerel,7.01,5.2,8.29,38.3,85.6,19.11,3,HIGH
Tuna,2.43,3.04,4.71,63.05,82.09,12.55,1,MEDIUM
Sardine,3.71,2.69,4.45,33.82,75.96,21.4,2,MEDIUM
Mackerel,7.25,8.76,12.26,2.68,97.8,6.4,11,HIGH
Sardine,3.08,2.28,3.16,18.92,82.71,14.64,0,LOW
Tilapia,3.24,4.57,6.92,51.8,77.31,3.51,0,LOW
Mackerel,3.67,3.01,4.25,34.92,73.41,14.77,0,LOW
Tilapia,6.49,5.62,8.56,69.15,71.7,12.07,2,HIGH
Mackerel,0.78,-0.37,0.9,42.78,76.27,12.67,0,LOW
Tuna,5.18,4.61,8.94,5.34,90.22,20.08,3,HIGH
Tuna,-0.55,-0.45,0.75,46.12,81.97,15.15,0,MEDIUM
Tilapia,2.96,2.84,3.0,19.75,82.94,14.47,0,LOW
Mackerel,7.55,7.61,12.22,54.03,78.97,7.61,2,HIGH
Mackerel,2.15,2.59,5.23,71.46,89.3,6.32,2,MEDIUM
Snapper,-0.78,-0.0,0.4,28.96,83.29,15.91,0,MEDIUM
Snapper,3.12,4.08,5.38,19.76,87.95,1.84,2,MEDIUM
Tilapia,2.38,1.61,2.13,4.24,81.84,10.61,0,LOW
Sardine,4.06,3.91,5.06,12.05,76.79,12.19,1,MEDIUM
Sardine,1.24,1.78,2.14,45.08,86.59,19.28,0,MEDIUM
Mackerel,0.37,1.14,2.63,54.65,89.53,8.61,0,MEDIUM
Mackerel,3.1,1.66,2.41,24.89,83.09,16.18,0,LOW
Sardine,1.16,0.51,1.94,49.84,82.25,23.14,0,MEDIUM
Mackerel,12.77,11.58,16.46,59.14,91.01,11.2,10,HIGH
Tilapia,-0.37,1.28,1.51,47.53,75.91,20.57,0,MEDIUM
Mackerel,7.56,7.54,11.65,9.55,65.3,1.88,5,HIGH
Snapper,7.11,7.48,12.32,10.44,94.37,21.14,2,HIGH
Tuna,4.87,5.11,7.46,27.17,92.71,11.22,5,HIGH
Mackerel,3.55,2.98,4.29,16.63,88.69,10.51,0,LOW
Tuna,1.86,2.02,4.58,28.89,81.63,2.76,2,MEDIUM
Snapper,2.38,1.01,1.66,16.99,83.18,1.15,0,LOW
Mackerel,1.42,1.28,2.49,29.62,88.3,4.13,0,LOW
Tuna,2.21,3.16,5.9,10.69,74.98,22.09,0,LOW
Tilapia,-1.19,-0.95,-0.67,45.43,87.16,8.91,0,MEDIUM
Snapper,3.43,5.27,7.37,7.8,82.18,19.31,2,MEDIUM
Tilapia,1.44,0.39,1.49,44.75,76.0,14.76,0,LOW
Tilapia,10.13,10.0,13.32,40.25,84.26,5.15,5,HIGH
Tilapia,7.77,7.84,11.13,27.11,94.39,14.61,5,HIGH
Snapper,0.97,0.53,0.92,55.15,89.28,9.59,0,MEDIUM
Sardine,3.95,4.5,6.67,25.26,75.93,2.06,2,MEDIUM
Mackerel,-0.41,-0.98,-0.18,46.52,76.75,17.54,0,MEDIUM
Mackerel,0.56,0.32,0.69,14.01,89.35,10.96,0,LOW
Sardine,-0.39,-0.62,0.34,55.9,84.18,8.17,0,MEDIUM
Tuna,12.68,12.87,19.89,31.0,73.62,2.78,7,HIGH
Sardine,3.18,2.15,3.16,25.22,85.17,13.91,0,LOW
Snapper,7.72,7.11,10.92,70.65,75.37,10.48,4,HIGH
Tilapia,1.06,0.71,1.35,26.5,89.86,9.23,0,LOW
Snapper,0.3,1.11,2.33,52.69,84.91,17.41,0,MEDIUM
Tilapia,1.43,1.49,2.41,14.83,87.6,11.92,0,LOW
Sardine,6.75,4.76,6.06,36.92,80.12,12.21,0,MEDIUM
Mackerel,0.69,-0.41,0.6,3.23,80.94,20.38,0,LOW
Tilapia,3.57,2.0,2.57,12.03,83.98,13.03,0,LOW
Mackerel,1.54,0.75,1.41,11.36,78.24,12.48,0,LOW
Sardine,-0.51,0.94,1.41,65.46,81.78,12.01,0,MEDIUM
Snapper,1.12,0.41,0.52,60.51,81.31,13.8,0,MEDIUM
Snapper,3.64,2.62,3.69,67.57,73.67,23.14,0,MEDIUM
Sardine,5.07,3.33,5.99,65.8,79.45,22.11,0,MEDIUM
Mackerel,2.17,2.39,4.35,4.86,89.47,17.05,2,MEDIUM
Mackerel,4.5,4.93,6.08,33.75,70.82,5.7,0,MEDIUM
Snapper,2.58,2.09,3.16,54.24,74.62,1.89,1,MEDIUM
Sardine,6.31,5.57,8.74,36.83,90.16,23.26,3,HIGH
Tuna,2.92,2.56,3.64,71.36,88.93,3.59,0,MEDIUM
Tuna,8.36,7.08,9.91,36.47,93.95,12.75,5,HIGH
Sardine,6.95,4.86,8.93,51.37,90.46,4.18,2,HIGH
Mackerel,7.74,8.22,14.68,51.16,79.22,11.99,10,HIGH
Sardine,-1.33,0.51,1.81,14.08,76.65,20.39,0,LOW
Sardine,3.44,3.41,4.91,34.33,91.07,18.04,1,MEDIUM
Tilapia,1.72,0.71,1.22,62.99,77.26,21.78,0,MEDIUM
Tuna,1.67,2.99,5.27,36.13,91.0,16.69,2,MEDIUM
Snapper,12.36,13.11,18.27,37.07,70.4,11.59,10,HIGH
Tilapia,5.23,3.82,5.08,31.71,89.12,5.33,1,LOW
Mackerel,9.02,8.02,10.18,21.19,94.2,5.31,4,HIGH
Mackerel,7.15,5.67,9.05,47.76,86.17,18.2,3,HIGH
Sardine,4.94,5.6,7.99,10.7,94.29,15.21,2,HIGH
Snapper,1.23,1.4,2.54,40.54,86.9,19.62,0,LOW
Mackerel,0.83,-0.17,-0.17,52.42,82.87,23.11,0,MEDIUM
Tuna,3.46,2.74,3.78,68.22,86.69,13.06,0,MEDIUM
Snapper,1.73,2.71,5.47,38.48,85.2,16.23,0,MEDIUM
Tilapia,0.22,-0.91,-0.74,10.69,80.92,10.16,0,LOW
Sardine,2.26,2.38,5.22,23.31,78.55,20.58,1,MEDIUM
Tilapia,2.58,3.73,6.55,11.87,87.88,16.72,1,LOW
Snapper,5.88,4.39,6.91,20.42,76.26,16.18,0,LOW
Mackerel,5.83,6.39,10.56,53.46,86.39,17.31,5,HIGH
Tilapia,-0.39,1.22,2.51,68.73,78.74,20.86,0,MEDIUM
Sardine,5.55,5.47,7.61,31.08,72.53,6.3,1,MEDIUM
Tilapia,4.99,6.36,10.97,64.08,87.05,6.48,3,HIGH
Tuna,3.98,2.96,3.36,12.39,84.97,20.43,0,MEDIUM
Sardine,-1.07,0.77,1.48,65.95,80.61,8.18,0,MEDIUM
Mackerel,6.79,7.59,9.71,42.8,93.28,14.02,4,HIGH
Sardine,-1.1,-0.28,0.85,52.95,77.24,15.8,0,MEDIUM
Sardine,1.36,0.22,1.67,16.59,81.73,8.55,0,MEDIUM
Tuna,-1.24,-0.89,-0.13,71.46,76.25,17.06,0,MEDIUM
Snapper,0.34,0.79,1.05,36.9,76.84,17.96,0,LOW
Mackerel,2.3,2.69,3.47,3.52,78.88,13.65,0,MEDIUM
Snapper,5.08,5.62,10.21,12.35,90.2,9.45,3,HIGH
Mackerel,6.25,5.08,9.7,9.39,78.58,22.69,4,HIGH
Mackerel,4.23,4.42,6.57,50.65,83.56,13.01,2,HIGH
Tilapia,4.2,4.12,5.99,69.79,79.76,23.06,0,MEDIUM
Sardine,6.81,6.91,11.16,1.25,79.37,23.22,2,HIGH
Tuna,5.42,6.55,9.32,71.97,78.04,8.7,4,HIGH
Sardine,-0.13,0.07,0.21,9.12,80.91,6.88,0,LOW
Mackerel,5.53,4.92,9.52,1.72,71.63,17.31,2,HIGH
Tilapia,1.94,2.39,5.36,61.47,72.76,6.25,0,LOW
Tuna,5.72,5.59,7.6,65.6,77.84,15.58,3,HIGH
Tilapia,1.88,1.8,2.82,42.14,75.91,19.12,0,LOW
Tilapia,-0.26,-0.51,0.54,2.68,86.91,19.73,0,LOW
Tilapia,1.27,1.51,1.66,66.08,76.08,7.82,0,MEDIUM
Mackerel,5.43,5.46,7.8,43.58,81.46,23.03,1,HIGH
Tilapia,4.22,6.2,9.19,19.11,69.07,17.32,4,MEDIUM
Snapper,7.17,6.41,8.98,37.21,76.03,10.72,5,HIGH
Snapper,1.79,2.48,4.35,47.9,70.79,21.36,2,MEDIUM
Snapper,5.1,4.89,6.33,40.61,90.73,11.67,0,MEDIUM
Mackerel,2.58,2.21,4.99,25.35,80.04,3.39,2,MEDIUM
Snapper,8.14,6.73,9.43,33.55,94.38,12.11,3,HIGH
Sardine,1.81,1.13,2.04,61.8,77.36,7.82,0,MEDIUM
Tuna,4.94,4.94,7.42,32.91,88.49,9.75,1,MEDIUM
Tuna,2.0,2.45,4.3,20.53,78.57,18.17,1,MEDIUM
Tuna,7.84,6.67,11.23,70.37,88.88,0.85,4,HIGH
Snapper,5.37,5.83,9.62,1.6,75.86,2.73,4,MEDIUM
Mackerel,4.0,3.84,5.75,20.24,85.22,18.77,0,LOW
Tilapia,2.67,2.29,4.88,18.28,89.47,1.53,2,LOW
Mackerel,11.42,12.42,17.01,34.78,84.43,19.76,9,HIGH
Mackerel,1.19,1.33,2.03,28.35,89.66,9.78,0,MEDIUM
Mackerel,4.93,3.24,5.69,5.32,78.45,15.9,0,LOW
Mackerel,5.0,3.59,6.02,51.72,88.62,14.17,2,HIGH
Sardine,4.28,3.94,6.49,29.91,82.23,16.1,2,MEDIUM
Tuna,4.08,3.33,6.1,31.13,81.58,19.02,0,MEDIUM
Sardine,0.16,0.14,0.65,14.65,76.59,15.4,0,LOW
Tilapia,1.78,2.88,3.86,3.37,89.05,14.0,0,LOW
Tuna,4.5,2.05,4.77,44.91,86.38,6.55,2,HIGH
Sardine,9.29,10.21,14.02,64.6,84.17,17.0,6,HIGH
Tuna,15.22,12.78,17.48,30.65,63.03,5.24,6,HIGH
Sardine,14.7,14.96,19.82,24.92,75.5,5.98,9,HIGH
Sardine,0.3,-0.14,0.03,7.05,78.26,8.13,0,LOW
Tilapia,2.02,1.07,1.14,49.35,84.73,13.83,0,LOW
Tilapia,2.88,3.23,4.68,49.13,70.57,3.05,1,LOW
Tilapia,0.62,1.61,2.21,68.95,87.03,10.5,0,LOW
Sardine,3.61,4.2,6.44,15.91,77.08,4.13,0,LOW
Tuna,8.03,7.11,13.12,38.42,96.0,16.85,5,HIGH
Snapper,4.27,4.86,7.35,27.29,87.79,18.06,0,MEDIUM
Mackerel,5.11,4.59,7.09,47.4,89.49,7.09,1,MEDIUM
Sardine,6.87,7.66,10.92,13.0,80.26,6.62,4,HIGH
Tilapia,3.78,2.9,3.26,50.48,85.85,15.63,0,LOW
Snapper,9.89,8.12,11.81,36.08,73.12,13.39,4,HIGH
Tuna,2.57,3.34,5.89,64.22,85.71,14.49,2,HIGH
Sardine,7.59,7.95,14.11,40.05,78.13,9.07,7,HIGH
Sardine,10.21,9.85,13.73,41.1,75.05,13.14,10,HIGH
Tilapia,-0.17,1.39,2.24,18.66,86.6,22.85,0,LOW
Mackerel,3.37,2.28,2.58,69.79,86.79,23.19,0,MEDIUM
Tilapia,0.99,2.07,2.54,4.87,84.44,0.62,0,LOW
Tilapia,-0.97,0.03,1.39,60.52,82.78,17.77,0,MEDIUM
Tuna,2.06,2.46,3.57,43.51,86.15,12.92,0,LOW
Tuna,5.19,4.84,5.95,6.23,70.03,23.45,2,MEDIUM
Tilapia,5.15,5.47,10.38,2.91,76.45,13.5,2,MEDIUM
Tilapia,9.4,9.7,15.11,43.58,63.82,6.4,11,HIGH
Sardine,6.74,4.5,7.19,12.79,71.3,15.21,4,HIGH
Tuna,7.46,8.05,12.83,7.06,84.81,5.95,2,HIGH
Tuna,9.92,10.06,14.68,70.56,79.38,5.7,11,HIGH
Tilapia,2.21,2.44,4.2,42.47,88.85,10.06,1,LOW
Tilapia,1.09,0.09,0.19,52.1,80.65,22.76,0,MEDIUM
Tuna,4.1,4.48,6.81,57.56,76.68,11.35,2,HIGH
Mackerel,3.44,2.97,3.15,60.56,89.34,19.18,0,MEDIUM
Snapper,4.06,4.65,7.14,24.3,75.97,11.78,0,MEDIUM
Sardine,6.27,7.58,11.6,24.82,72.9,6.02,4,HIGH
Sardine,-0.21,0.02,0.88,4.18,75.93,15.57,0,LOW
Tuna,2.74,3.18,4.48,38.73,82.86,19.45,2,MEDIUM
Snapper,6.39,6.03,10.1,1.48,84.56,22.95,5,HIGH
Mackerel,7.51,5.66,10.66,22.63,78.77,11.09,5,HIGH
Mackerel,2.27,2.46,4.3,17.52,84.89,17.22,0,MEDIUM
Mackerel,2.13,0.69,1.76,61.49,86.48,17.51,0,MEDIUM
Tuna,8.86,7.41,11.22,71.95,81.75,14.1,3,HIGH
Snapper,7.48,7.92,12.79,42.63,70.79,11.06,5,HIGH
Tuna,7.7,8.23,11.48,38.95,86.54,1.01,4,HIGH
Tuna,4.65,4.57,6.87,9.2,77.88,23.37,1,MEDIUM
Snapper,-1.57,0.04,0.69,5.78,85.35,9.97,0,MEDIUM
Snapper,-0.09,0.3,0.54,20.23,84.88,13.52,0,LOW
Tuna,9.54,8.32,10.72,50.17,91.52,9.3,3,HIGH
Mackerel,2.67,2.93,3.84,3.88,81.03,4.58,0,LOW
Mackerel,4.36,3.8,6.37,5.85,83.23,16.74,2,LOW
Sardine,5.18,5.6,8.19,10.63,70.94,15.99,3,HIGH
Mackerel,0.59,-0.89,-0.41,22.51,77.88,5.72,0,LOW
Sardine,1.45,1.42,2.6,35.23,80.47,20.39,0,MEDIUM
Tuna,0.85,3.01,5.42,63.42,80.24,5.13,2,MEDIUM
Snapper,4.63,6.9,10.51,39.18,90.6,1.65,4,HIGH
Tilapia,6.05,5.18,7.6,39.81,89.45,1.03,1,MEDIUM
Tuna,0.51,2.19,3.83,62.06,90.08,22.08,0,MEDIUM
Sardine,-0.21,-0.04,1.02,47.63,86.35,14.89,0,MEDIUM
Tilapia,5.26,4.84,7.32,65.86,68.98,19.24,4,HIGH
Snapper,1.16,2.66,4.39,11.26,75.88,15.69,0,LOW
Sardine,0.63,2.28,5.09,47.84,84.15,21.16,2,MEDIUM
Snapper,3.6,3.58,4.73,29.01,87.32,9.59,1,MEDIUM
Tilapia,6.79,4.16,5.79,69.93,73.8,11.28,0,MEDIUM
Sardine,0.74,-0.85,-0.26,25.8,88.95,23.25,0,LOW
Mackerel,4.77,2.97,4.82,47.72,89.48,9.64,1,MEDIUM
Mackerel,11.72,12.14,17.58,21.24,94.27,21.13,5,HIGH
Tuna,2.05,0.26,1.06,19.77,80.1,3.56,0,LOW
Tuna,2.7,2.81,3.67,51.3,82.33,3.82,0,LOW
Tuna,1.83,1.62,2.34,59.46,86.55,4.83,0,MEDIUM
Tuna,3.15,2.13,3.5,60.66,88.88,13.1,0,MEDIUM
Tuna,7.54,6.69,9.13,25.89,93.72,8.87,2,HIGH
Tuna,3.54,2.78,2.87,40.01,76.79,3.52,0,LOW
Tilapia,-1.44,0.04,0.06,61.74,78.24,21.61,0,MEDIUM
Tuna,0.93,0.28,1.78,19.09,86.54,8.05,0,MEDIUM
Sardine,1.11,2.05,4.97,16.01,82.66,18.48,1,MEDIUM
Mackerel,3.05,1.38,2.37,63.31,87.53,11.34,0,MEDIUM
Sardine,-2.0,-0.58,-0.28,54.16,79.24,4.89,0,LOW
Sardine,0.92,1.4,2.79,51.8,87.49,3.65,0,MEDIUM
Snapper,1.87,0.74,0.87,66.06,80.37,21.18,0,MEDIUM
Sardine,4.58,5.12,7.26,27.23,84.62,11.61,5,HIGH
Mackerel,-1.2,0.26,0.88,39.23,84.05,17.68,0,MEDIUM
Tilapia,4.01,4.95,8.91,65.34,82.17,22.89,4,HIGH
Tilapia,1.12,-0.15,0.12,13.59,86.72,19.63,0,LOW
Mackerel,3.63,3.36,5.4,31.14,80.56,21.85,1,MEDIUM
Tilapia,10.85,11.4,18.25,19.77,71.16,0.96,8,HIGH
Tilapia,2.06,2.79,4.29,64.83,86.43,17.98,0,MEDIUM
Tuna,0.99,1.01,2.0,53.0,75.36,4.92,0,MEDIUM
Mackerel,5.4,4.57,7.5,42.44,88.66,14.67,1,MEDIUM
Sardine,3.87,1.79,2.87,48.74,82.69,9.02,0,MEDIUM
Tilapia,-1.25,-0.76,-0.24,14.44,81.93,5.91,0,LOW
Tilapia,7.32,6.03,8.55,28.78,68.33,1.57,5,HIGH
Mackerel,11.26,11.06,18.17,68.2,64.91,9.51,7,HIGH
Mackerel,10.94,11.41,15.93,8.98,80.21,0.67,9,HIGH
Mackerel,3.73,3.04,4.49,22.24,85.03,8.06,2,MEDIUM
Sardine,6.81,8.16,11.04,22.0,68.61,21.27,5,HIGH
Snapper,5.87,5.17,8.12,6.37,84.3,8.94,0,MEDIUM
Tuna,12.88,14.22,17.36,19.36,60.69,20.4,5,HIGH
Tilapia,8.26,6.72,9.85,44.88,69.37,10.83,2,HIGH
Tuna,13.81,13.57,20.63,22.25,83.42,17.04,7,HIGH
Tilapia,4.74,5.49,8.46,64.71,81.28,23.66,1,MEDIUM
Sardine,-1.16,0.29,1.64,48.42,86.53,10.26,0,MEDIUM
Sardine,5.58,4.83,6.42,23.71,85.98,17.93,1,MEDIUM
Sardine,-1.31,-0.45,0.18,65.03,75.83,1.65,0,MEDIUM
Mackerel,5.59,4.46,7.23,1.18,82.69,12.18,2,LOW
Sardine,4.77,3.31,4.37,51.04,90.13,16.81,2,MEDIUM
Tuna,0.66,0.54,1.02,38.5,85.5,1.45,0,MEDIUM
Mackerel,2.42,2.05,3.24,40.12,86.65,10.43,0,MEDIUM
Tuna,4.7,5.27,6.56,27.12,79.92,15.36,2,MEDIUM
Sardine,9.35,8.39,16.07,38.53,75.26,6.74,8,HIGH
Tilapia,16.29,14.78,22.77,61.4,85.45,1.06,11,HIGH
Sardine,4.3,4.36,6.1,29.99,78.11,5.78,2,MEDIUM
Mackerel,1.9,3.11,5.77,12.36,72.45,12.91,0,MEDIUM
Snapper,1.99,3.5,5.51,27.49,73.98,16.15,1,MEDIUM
Tuna,6.62,6.2,8.91,39.33,73.21,20.03,3,HIGH
Sardine,3.14,2.69,5.41,61.82,71.25,9.74,2,HIGH
Snapper,0.81,1.4,1.63,24.74,84.82,6.16,0,LOW
Tuna,6.77,6.09,10.3,37.05,67.76,11.26,2,HIGH
Tilapia,8.53,8.14,12.5,21.44,81.24,19.58,4,HIGH
Tilapia,5.84,5.57,10.28,9.55,77.73,1.16,4,HIGH
Snapper,1.25,1.26,1.79,20.97,89.13,15.42,0,MEDIUM
Mackerel,6.68,6.01,10.94,7.58,85.74,2.57,2,HIGH
Sardine,2.54,3.5,4.9,51.17,89.22,18.44,2,MEDIUM
Mackerel,2.39,2.78,4.54,61.11,91.23,13.2,0,MEDIUM
Snapper,6.34,6.5,9.03,53.21,77.37,6.22,2,HIGH
Snapper,-1.46,0.08,0.38,35.32,87.06,5.74,0,LOW
Snapper,4.57,4.73,6.41,42.8,70.67,16.98,0,MEDIUM
Snapper,0.91,1.22,1.69,70.07,83.31,11.21,0,MEDIUM
Sardine,3.77,3.11,4.62,57.11,91.73,3.94,1,MEDIUM
Tilapia,4.09,2.87,3.9,43.86,76.35,8.43,0,LOW
Snapper,1.86,1.88,2.99,20.09,79.91,2.14,0,LOW
Tilapia,-0.68,0.11,0.87,50.93,79.3,13.35,0,MEDIUM
Tilapia,7.75,6.82,10.28,18.2,88.76,20.28,2,MEDIUM
Mackerel,10.07,6.95,9.07,33.95,80.0,0.91,4,HIGH
Tuna,1.89,1.36,2.4,19.55,75.5,2.46,0,LOW
Tilapia,0.81,1.59,2.76,20.41,89.56,1.19,0,LOW
Tilapia,1.23,1.83,1.92,16.57,80.4,17.09,0,LOW
Tilapia,5.28,5.19,6.39,47.57,73.29,14.23,1,MEDIUM
Tuna,10.92,9.44,14.24,48.05,83.7,22.94,5,HIGH
Mackerel,3.59,4.9,6.92,11.01,77.97,10.16,0,LOW
Tilapia,15.49,14.84,22.27,31.4,61.94,15.81,11,HIGH
Sardine,7.88,6.8,11.34,32.27,70.81,0.61,3,HIGH
Mackerel,-1.24,1.23,1.33,22.7,77.56,5.55,0,LOW
Sardine,0.05,-0.14,0.79,43.41,77.52,6.4,0,MEDIUM
Sardine,1.07,3.0,5.81,63.96,84.42,1.88,2,HIGH
Sardine,1.82,3.26,4.77,11.08,72.31,6.6,2,MEDIUM
Mackerel,4.03,5.14,9.59,7.2,80.31,1.51,4,HIGH
Mackerel,0.86,1.1,1.12,60.56,86.7,23.02,0,MEDIUM
Sardine,9.0,10.55,15.54,55.55,95.22,5.25,6,HIGH
Snapper,13.68,14.58,20.91,7.67,81.32,20.8,8,HIGH
Snapper,-1.01,0.36,0.56,68.6,82.19,13.64,0,MEDIUM
Tuna,-1.87,-0.9,0.27,58.89,85.54,20.24,0,LOW
Snapper,5.4,5.38,7.82,18.11,77.95,18.45,0,LOW
Sardine,6.98,5.82,9.7,30.34,72.91,6.26,4,HIGH
Tuna,2.04,3.35,5.81,26.9,83.02,13.77,0,LOW
Snapper,-1.75,-1.0,0.3,6.93,81.44,20.17,0,LOW
Tilapia,6.19,4.94,6.86,51.78,90.49,23.48,0,MEDIUM
Mackerel,4.4,3.38,5.88,67.45,90.0,14.33,1,MEDIUM
Tuna,1.05,1.84,3.16,39.63,84.69,18.26,0,MEDIUM
Tilapia,8.96,8.25,11.89,31.13,64.77,13.04,8,HIGH
Tilapia,0.86,0.8,2.27,18.22,82.33,23.49,0,LOW
Sardine,1.46,1.46,1.58,59.12,83.66,22.58,0,MEDIUM
Snapper,1.65,0.85,1.0,19.78,80.09,23.77,0,LOW
Tilapia,5.55,4.81,8.4,15.13,78.56,4.72,2,MEDIUM
Tilapia,5.61,7.3,9.38,43.66,72.8,14.65,4,HIGH
Tilapia,3.9,2.79,3.88,42.35,76.9,8.33,0,MEDIUM
Mackerel,-0.05,1.9,2.47,14.87,83.68,22.69,0,MEDIUM
Tuna,3.9,4.44,6.66,65.1,79.68,19.31,1,MEDIUM
Tuna,0.53,0.68,1.51,23.97,75.66,7.14,0,LOW
Snapper,1.64,0.13,0.64,19.16,84.07,5.35,0,LOW
Tuna,0.85,1.05,1.83,45.3,83.61,23.38,0,MEDIUM
Snapper,5.98,5.36,8.08,17.51,76.75,5.73,3,HIGH
Mackerel,3.27,1.69,2.72,28.89,89.64,23.17,0,MEDIUM
Sardine,3.9,3.89,5.04,41.59,89.65,13.18,2,MEDIUM
Mackerel,2.16,2.02,2.79,66.93,75.51,9.29,0,MEDIUM
Mackerel,2.86,4.18,6.79,66.65,88.7,21.74,0,MEDIUM
Sardine,4.38,4.19,5.61,70.64,74.46,6.59,1,HIGH
Tilapia,3.2,3.05,4.79,69.23,77.37,10.57,2,MEDIUM
Mackerel,13.84,12.34,18.38,41.75,62.39,10.24,6,HIGH
Mackerel,5.96,5.74,10.09,10.77,92.63,16.91,3,HIGH
Mackerel,1.17,2.8,3.78,66.6,78.46,14.78,0,MEDIUM
Snapper,0.63,2.7,3.48,5.2,85.03,23.01,0,LOW
Snapper,10.8,9.92,17.64,28.78,65.88,1.73,7,HIGH
Tuna,1.08,-0.45,0.65,15.24,87.5,18.52,0,LOW
Sardine,7.1,6.77,9.87,67.72,67.5,16.15,2,HIGH
Tilapia,7.17,8.56,15.21,12.14,73.27,23.41,11,HIGH
Sardine,-0.25,0.49,1.12,23.82,86.21,11.6,0,MEDIUM
Sardine,3.83,3.38,5.39,65.96,73.69,8.71,1,HIGH
Tuna,2.07,1.97,3.4,49.86,81.89,10.25,0,MEDIUM
Snapper,-1.15,-0.99,-0.47,16.56,85.57,11.4,0,LOW
Sardine,4.15,4.98,9.05,64.52,76.12,7.93,3,HIGH
Sardine,0.78,0.23,0.54,62.79,83.21,7.69,0,MEDIUM
Sardine,2.27,1.18,1.27,16.21,89.08,16.94,0,LOW
Tilapia,3.51,4.8,6.76,42.51,84.08,5.5,0,LOW
Tuna,5.47,4.9,6.12,41.22,86.14,16.29,0,MEDIUM
Tilapia,2.08,2.33,3.09,2.64,84.4,1.69,0,LOW
Sardine,6.71,7.73,10.33,48.9,80.76,3.21,5,HIGH
Tilapia,-1.47,-0.31,1.04,40.31,82.27,23.56,0,MEDIUM
Snapper,1.62,2.03,2.53,39.96,76.76,5.34,0,LOW
Snapper,3.86,4.02,6.46,31.03,88.4,12.17,1,MEDIUM
Tuna,-0.96,0.25,0.51,42.37,80.79,10.59,0,MEDIUM
Tilapia,3.78,4.34,6.21,39.35,85.43,13.36,1,MEDIUM
Tilapia,6.73,8.43,12.82,60.24,70.08,22.41,3,HIGH
Tilapia,6.52,5.26,9.39,36.51,85.43,15.47,5,HIGH
Snapper,-1.74,-0.64,0.6,24.71,89.15,2.7,0,LOW
Mackerel,8.03,7.12,12.02,57.09,75.28,6.0,3,HIGH
Tilapia,2.28,2.03,3.08,55.18,89.41,18.92,2,MEDIUM
Mackerel,7.07,8.25,10.77,23.83,87.92,10.2,3,HIGH
Snapper,-0.21,0.74,1.76,67.88,76.66,2.64,0,MEDIUM
Snapper,4.19,2.9,3.19,64.38,76.18,15.91,0,MEDIUM
Sardine,12.5,12.24,18.54,36.76,92.06,9.66,8,HIGH
Tuna,3.93,3.26,5.16,2.81,87.64,7.15,1,LOW
Mackerel,5.98,6.3,9.14,13.37,89.32,19.93,2,HIGH
Sardine,8.69,7.85,12.68,51.32,66.9,5.37,4,HIGH
Tilapia,5.29,5.11,7.32,65.92,81.59,13.58,2,MEDIUM
Mackerel,1.51,2.11,2.35,20.83,83.98,13.88,0,MEDIUM
Tuna,2.28,2.79,4.08,36.54,79.32,23.06,0,MEDIUM
Tilapia,5.73,5.25,6.58,44.84,82.11,9.09,1,MEDIUM
Sardine,1.91,2.48,5.14,54.17,88.06,6.72,2,HIGH
Tilapia,2.03,-0.21,1.19,8.91,86.09,22.8,0,LOW
Sardine,-1.53,0.03,0.3,70.17,75.11,8.53,0,MEDIUM
Tilapia,5.1,6.7,10.94,47.13,84.85,19.28,4,HIGH
Tilapia,4.33,5.08,9.12,63.09,87.11,7.66,4,HIGH
Tilapia,5.19,5.49,8.73,33.32,76.04,16.82,2,MEDIUM
Tuna,4.33,5.3,7.91,38.24,78.8,1.03,2,MEDIUM
Sardine,2.08,2.55,4.72,1.13,77.96,20.44,0,LOW
Tilapia,1.08,0.75,1.48,4.09,84.56,20.98,0,LOW
Mackerel,1.11,2.27,4.82,30.15,84.29,13.1,2,MEDIUM
Sardine,-0.28,0.2,1.68,16.79,84.93,18.01,0,MEDIUM
Sardine,-2.0,-0.38,0.71,9.17,84.64,15.4,0,LOW
Mackerel,4.1,4.4,5.76,14.93,90.59,16.47,2,MEDIUM
Sardine,-0.57,-0.8,-0.35,62.39,88.58,12.45,0,MEDIUM
Mackerel,1.63,1.55,1.71,28.86,82.18,13.12,0,LOW
Tilapia,-0.97,0.14,1.62,23.82,75.86,9.42,0,LOW
Sardine,1.61,0.84,1.81,70.56,79.83,3.31,0,MEDIUM
Sardine,-1.2,-0.17,0.11,31.22,82.36,6.91,0,LOW
Mackerel,13.86,14.39,17.77,49.91,84.95,14.53,6,HIGH
Mackerel,0.41,0.4,1.88,52.76,77.73,18.77,0,MEDIUM
Snapper,4.92,4.72,7.1,62.45,83.38,6.29,0,MEDIUM
Tuna,3.26,2.12,2.51,36.93,75.48,8.18,0,LOW
Tuna,3.91,2.17,2.91,12.74,77.25,3.15,0,LOW
Tuna,2.51,1.2,1.51,30.82,80.16,3.52,0,LOW
Tilapia,0.11,0.4,1.48,51.81,76.97,0.59,0,LOW
Tuna,-0.84,-0.22,-0.14,57.99,82.97,12.08,0,MEDIUM
Snapper,5.61,6.53,11.3,9.94,94.71,9.04,4,HIGH
Tuna,3.88,3.32,5.29,39.16,86.79,8.38,0,LOW
Tuna,4.06,2.03,4.35,41.28,73.74,9.93,2,MEDIUM
Sardine,6.84,7.61,11.25,57.02,86.68,19.98,4,HIGH
Mackerel,1.02,0.08,0.33,43.28,80.89,2.89,0,MEDIUM
Tuna,2.67,1.66,2.26,70.9,81.32,13.78,0,MEDIUM
Sardine,1.91,2.87,3.89,13.75,86.29,11.04,0,LOW
Tuna,6.16,7.97,10.68,18.91,69.71,17.58,3,HIGH
Tilapia,0.27,1.46,2.45,63.86,79.93,20.59,0,LOW
Tuna,5.91,6.74,10.52,10.63,79.32,10.11,3,HIGH
Tuna,-0.77,-0.49,-0.17,2.68,86.73,19.03,0,LOW
Tuna,12.7,14.04,21.16,68.37,82.28,7.86,7,HIGH
Snapper,7.34,7.67,12.0,46.44,76.53,17.84,4,HIGH
Snapper,8.82,8.0,12.17,5.56,70.36,13.56,4,HIGH
Snapper,1.45,1.27,1.86,52.92,76.22,4.59,0,LOW
Tilapia,-0.2,-0.45,-0.23,43.38,83.99,19.52,0,LOW
Sardine,4.66,4.79,7.74,43.42,73.3,13.36,0,MEDIUM
Mackerel,1.29,2.53,3.96,16.19,78.8,9.6,0,LOW
Snapper,2.53,2.24,4.18,29.65,71.99,15.74,2,MEDIUM
Sardine,4.15,4.57,8.89,63.46,65.68,16.72,4,HIGH
Sardine,4.33,4.53,7.4,36.48,83.96,4.09,0,LOW
Sardine,6.12,4.72,5.79,54.39,87.24,6.25,0,MEDIUM
Tuna,-0.99,-0.04,0.41,14.4,79.79,21.68,0,LOW
Mackerel,7.08,5.88,10.72,32.44,77.2,6.01,4,HIGH
Mackerel,0.53,1.0,1.93,19.74,81.08,13.08,0,MEDIUM
Snapper,7.58,7.49,10.72,25.46,87.42,10.85,2,HIGH
Sardine,10.64,8.35,11.49,20.97,75.52,3.82,3,HIGH
Tilapia,7.15,8.33,10.99,67.29,65.53,3.75,5,HIGH
Tuna,2.85,2.06,3.24,52.35,85.43,11.04,0,MEDIUM
Tuna,-1.12,0.18,0.93,34.71,79.94,9.25,0,LOW
Mackerel,2.01,2.01,4.25,51.15,75.36,13.6,2,MEDIUM
Sardine,0.33,1.02,1.5,62.48,88.69,9.67,0,MEDIUM
Mackerel,4.86,4.73,7.62,51.9,65.95,15.19,5,HIGH
Tuna,2.27,3.99,6.27,20.95,83.13,23.45,2,MEDIUM
Snapper,0.7,0.55,1.87,26.95,77.71,10.56,0,LOW
Snapper,4.79,6.36,11.28,18.47,84.27,11.99,5,HIGH
Tilapia,2.28,1.82,2.0,3.29,83.22,11.05,0,LOW
Tuna,4.36,5.11,6.71,28.83,88.58,17.21,0,MEDIUM
Snapper,7.47,5.71,10.69,38.2,79.57,18.38,4,HIGH
Snapper,4.32,4.59,6.83,64.01,92.53,11.37,3,HIGH
Mackerel,3.29,2.6,3.44,8.88,80.41,3.77,0,LOW
Sardine,2.66,3.08,4.21,71.45,75.83,9.74,1,MEDIUM
Tilapia,6.32,5.22,7.79,46.19,88.4,23.88,0,MEDIUM
Tuna,7.4,7.93,12.68,14.85,79.35,14.67,2,HIGH
Mackerel,4.83,4.36,6.06,48.14,74.76,16.41,1,HIGH
Tuna,1.76,2.27,3.31,34.14,75.46,8.97,0,LOW
Sardine,0.09,-0.17,-0.13,59.22,76.4,12.88,0,MEDIUM
Sardine,5.47,3.9,5.16,43.6,74.9,11.35,1,MEDIUM
Tuna,6.12,5.4,7.02,51.88,81.44,17.66,1,HIGH
Snapper,-0.07,0.8,2.01,26.9,80.72,12.2,0,LOW
Sardine,1.52,3.52,6.21,61.44,82.49,14.82,0,MEDIUM
Tuna,13.82,13.98,18.72,44.32,96.42,7.12,6,HIGH
Snapper,2.64,2.33,4.8,50.38,82.92,12.16,0,MEDIUM
Tilapia,1.69,3.1,4.4,48.98,90.77,1.67,1,MEDIUM
Tilapia,4.28,5.45,8.81,25.86,68.39,12.77,2,MEDIUM
Mackerel,10.39,10.76,18.33,29.93,64.09,8.15,10,HIGH
Tilapia,5.54,7.21,10.95,9.85,76.92,4.32,3,HIGH
Tilapia,0.05,-0.32,0.7,65.09,75.37,23.94,0,MEDIUM
Tuna,3.58,4.71,5.78,29.47,79.39,23.62,1,MEDIUM
Mackerel,13.18,12.97,19.01,33.95,88.66,7.37,10,HIGH
Snapper,2.17,0.95,1.17,21.85,83.48,12.23,0,LOW
Tilapia,2.4,2.85,3.52,60.87,80.28,15.21,0,MEDIUM
Snapper,2.08,1.98,3.4,8.75,80.71,0.65,0,LOW
Tilapia,5.89,8.43,13.4,24.27,69.87,8.34,2,HIGH
Sardine,1.77,2.17,4.82,28.71,87.05,2.05,2,MEDIUM
Snapper,8.04,6.89,11.62,49.51,74.15,19.01,5,HIGH
Tuna,11.77,9.36,14.83,43.16,69.61,11.56,8,HIGH
Tuna,0.51,1.5,2.74,51.05,78.63,18.78,0,MEDIUM
Mackerel,2.01,1.16,2.51,70.92,80.88,3.16,0,MEDIUM
Snapper,8.35,7.9,10.35,65.43,79.09,21.0,2,HIGH
Sardine,3.3,2.03,3.41,4.2,84.32,20.62,0,LOW
Tuna,1.8,2.7,4.13,13.6,89.88,11.97,0,LOW
Tuna,1.42,2.49,3.33,29.77,81.07,20.86,0,LOW
Snapper,-0.75,-0.36,0.23,47.31,76.52,2.73,0,MEDIUM
Sardine,7.05,5.97,8.71,60.91,65.4,22.31,5,HIGH
Tilapia,1.52,1.57,1.91,41.57,83.4,4.54,0,LOW
Mackerel,4.48,5.85,10.18,21.05,67.87,3.69,5,HIGH
Mackerel,2.98,3.86,5.9,43.68,71.31,15.16,2,MEDIUM
Tilapia,0.8,1.45,2.44,39.93,87.42,14.1,0,LOW
Tuna,0.17,-0.78,-0.78,45.75,87.54,14.06,0,LOW
Tuna,7.19,7.29,9.36,25.64,88.3,17.58,3,HIGH
Mackerel,3.53,2.93,3.91,20.83,84.09,11.0,0,MEDIUM
Sardine,4.22,3.79,6.32,55.32,85.45,18.61,0,MEDIUM
Mackerel,5.95,4.84,8.93,71.91,82.21,4.6,2,HIGH
Snapper,0.82,-0.31,0.39,66.89,81.28,11.74,0,LOW
Sardine,7.71,7.77,10.49,60.98,65.39,13.49,4,HIGH
Tuna,6.4,7.18,10.87,48.42,90.9,16.12,2,HIGH
Sardine,2.32,3.62,6.04,9.99,83.43,17.0,1,MEDIUM
Snapper,-0.65,0.43,0.8,40.83,89.43,9.94,0,MEDIUM
Sardine,5.67,6.61,11.54,15.43,66.03,14.7,2,HIGH
Tuna,3.64,5.05,8.37,15.64,90.02,14.27,2,HIGH
Sardine,4.91,4.7,6.81,13.61,86.6,13.73,2,HIGH
Mackerel,13.08,12.64,17.14,38.39,70.74,6.31,8,HIGH
Sardine,3.49,2.77,3.14,38.82,87.02,3.73,0,LOW
Tilapia,0.86,1.35,2.81,20.43,88.16,4.2,0,LOW
Mackerel,9.56,8.88,12.89,48.6,81.14,2.78,10,HIGH
Sardine,-0.1,-0.67,-0.12,54.59,89.63,8.06,0,MEDIUM
Snapper,8.73,9.86,17.86,18.9,84.26,15.61,10,HIGH
Tuna,14.06,14.24,19.22,42.92,95.98,2.43,8,HIGH
Tuna,0.84,-0.57,0.9,46.19,78.18,15.33,0,MEDIUM
Tuna,1.52,1.32,2.26,52.34,83.56,2.22,0,MEDIUM
Tuna,3.45,2.88,5.49,63.8,73.87,8.97,1,MEDIUM
Mackerel,2.51,2.67,3.61,7.09,75.48,13.98,0,LOW
Mackerel,2.48,2.29,4.92,69.32,81.91,12.1,0,HIGH
Mackerel,9.32,9.84,17.13,71.01,86.88,22.92,7,HIGH
Mackerel,3.02,3.83,6.03,38.28,84.84,3.97,0,MEDIUM
Mackerel,8.22,7.92,14.07,26.8,65.55,15.53,5,HIGH
Tuna,4.37,4.36,6.71,47.38,71.26,13.58,0,MEDIUM
Tuna,1.22,2.24,2.36,47.47,84.48,10.32,0,MEDIUM
Mackerel,2.44,1.22,1.44,6.22,85.24,17.26,0,LOW
Sardine,1.18,-0.1,1.14,24.15,87.15,12.91,0,LOW
Snapper,1.72,1.9,2.04,36.02,88.7,11.89,0,LOW
Sardine,0.49,0.38,1.47,14.86,83.11,16.72,0,LOW
Snapper,4.54,2.78,3.54,27.01,82.92,22.66,0,LOW
Mackerel,4.2,4.22,5.68,43.27,79.63,17.53,0,MEDIUM
Tuna,1.7,1.93,3.35,50.75,86.15,5.78,0,MEDIUM
Tuna,14.33,12.29,19.23,23.84,96.81,15.65,7,HIGH
Mackerel,4.0,4.83,7.05,11.37,76.5,21.53,0,MEDIUM
Snapper,5.33,6.49,9.78,33.5,80.02,20.47,2,HIGH
Snapper,2.39,1.69,2.98,4.41,87.3,22.38,0,LOW
Snapper,-0.99,0.44,1.58,6.4,78.96,17.91,0,MEDIUM
Mackerel,13.57,14.39,21.74,66.88,70.6,13.06,11,HIGH
Tuna,0.94,1.36,2.41,41.71,81.06,1.15,0,LOW
Tilapia,7.89,9.32,13.02,7.77,92.56,4.08,11,HIGH
Tuna,2.82,2.65,5.12,34.01,82.09,10.48,2,MEDIUM
Tuna,0.66,-0.12,-0.02,20.86,76.73,7.72,0,LOW
Mackerel,7.24,8.2,12.57,29.7,83.38,20.7,2,HIGH
Tilapia,1.64,0.95,1.35,1.56,76.29,17.66,0,LOW
Sardine,12.68,10.86,15.71,18.8,90.58,14.77,7,HIGH
Sardine,8.33,9.39,14.27,42.87,66.7,1.07,10,HIGH
Snapper,1.59,1.49,2.48,41.91,82.66,15.62,0,LOW
Sardine,7.08,7.16,11.84,68.92,90.14,21.46,5,HIGH
Mackerel,1.2,1.42,2.07,6.43,86.24,6.25,0,LOW
Mackerel,4.02,4.65,8.86,18.76,78.58,15.82,5,HIGH
Mackerel,1.83,2.3,4.05,56.21,85.88,3.03,1,MEDIUM
Sardine,0.95,1.63,2.67,37.69,87.22,16.03,0,MEDIUM
Sardine,2.98,4.23,5.66,65.11,78.26,6.06,0,MEDIUM
Snapper,-1.06,-0.82,-0.53,21.36,84.12,1.87,0,LOW
Tuna,1.13,2.17,4.39,62.66,86.09,16.72,0,MEDIUM
Sardine,0.7,0.76,1.91,45.7,79.66,1.8,0,LOW
Mackerel,-0.98,-0.89,-0.89,59.2,80.99,21.93,0,MEDIUM
Snapper,3.68,3.57,5.34,57.38,90.01,5.78,1,LOW
Tuna,8.01,7.34,11.89,61.39,70.11,23.18,3,HIGH
Tuna,3.05,2.74,4.11,60.27,74.62,9.66,2,HIGH
Sardine,-2.0,-0.86,-0.47,12.24,85.47,2.99,0,LOW
Tilapia,4.67,4.14,6.18,36.54,81.01,1.91,0,LOW
Tilapia,0.13,0.69,0.69,59.28,86.79,15.93,0,MEDIUM
Snapper,-1.57,-0.19,0.35,13.45,87.43,8.81,0,LOW
Snapper,3.1,1.59,2.1,54.13,78.38,18.68,0,LOW
Mackerel,2.79,2.66,3.52,64.73,82.56,13.28,0,MEDIUM
Snapper,5.89,4.79,7.17,15.35,90.26,17.24,2,MEDIUM
Snapper,5.21,4.48,6.57,61.99,87.33,3.03,1,MEDIUM
Tilapia,3.8,5.51,8.49,30.31,74.16,3.04,4,MEDIUM
Sardine,3.03,1.14,2.03,69.99,75.61,16.12,0,MEDIUM
Snapper,1.65,2.18,2.94,36.45,76.13,5.32,0,MEDIUM
Mackerel,-0.56,0.14,0.55,65.12,86.51,5.89,0,MEDIUM
Snapper,5.02,6.79,9.72,45.85,89.57,13.4,2,HIGH
Tuna,3.79,2.98,4.2,34.84,82.3,18.0,0,LOW
Mackerel,3.26,3.17,5.09,70.33,79.91,0.86,0,MEDIUM
Tilapia,2.45,1.48,1.75,7.68,83.0,23.63,0,MEDIUM
Tuna,-0.07,1.57,1.74,8.48,85.64,3.46,0,LOW
Tilapia,1.71,2.94,3.84,60.07,84.11,19.63,0,MEDIUM
Mackerel,-2.0,0.34,0.78,10.94,80.2,8.86,0,LOW
Snapper,-2.0,-0.34,0.22,51.5,82.21,5.26,0,MEDIUM
Tilapia,-0.93,0.22,0.45,13.86,80.94,7.99,0,LOW
Tilapia,4.04,2.15,3.48,46.09,90.58,19.12,2,MEDIUM
Tilapia,3.35,5.18,8.03,16.23,74.35,3.54,3,MEDIUM
Tuna,2.51,2.52,3.49,52.55,83.65,3.1,0,MEDIUM
Snapper,15.43,14.54,22.02,2.06,79.87,12.24,11,HIGH
Sardine,4.87,4.31,5.97,69.31,84.0,17.08,2,HIGH
Tilapia,-2.0,-0.91,0.13,13.28,81.19,0.82,0,LOW
Snapper,8.0,8.39,13.04,5.99,79.52,13.95,3,HIGH
Sardine,2.46,2.84,3.17,65.41,76.58,7.82,0,MEDIUM
Snapper,5.92,5.18,9.41,51.68,70.25,12.61,2,HIGH
Tilapia,-1.03,-0.47,0.97,50.48,84.84,19.99,0,LOW
Sardine,4.49,4.33,5.54,62.68,73.3,16.02,0,MEDIUM
Sardine,8.53,8.12,12.28,67.5,97.05,19.46,5,HIGH
Snapper,-0.73,0.31,1.73,27.5,87.91,7.5,0,LOW
Sardine,2.22,2.44,2.46,39.53,81.54,11.09,0,MEDIUM
Tilapia,0.18,-0.1,0.03,22.44,76.9,0.76,0,LOW
Mackerel,7.44,7.99,12.91,60.98,64.05,13.59,11,HIGH
Snapper,0.49,1.94,2.96,1.56,80.43,19.9,0,LOW
Sardine,1.52,1.07,2.46,30.61,75.13,16.39,0,LOW
Mackerel,7.13,5.14,6.23,35.63,77.73,19.08,0,HIGH
Mackerel,1.98,1.98,2.2,39.28,83.41,3.03,0,LOW
Sardine,13.57,13.61,21.08,23.57,65.57,21.35,11,HIGH
Snapper,2.03,1.75,1.88,47.93,85.99,21.02,0,LOW
Tuna,3.54,2.74,3.84,25.72,71.95,6.21,1,MEDIUM
Tuna,1.03,2.79,2.97,1.03,79.57,22.14,0,LOW
Mackerel,3.94,4.2,6.82,30.91,84.33,11.98,0,MEDIUM
Sardine,3.03,3.79,5.2,1.66,75.68,10.31,2,LOW
Snapper,4.46,4.46,6.59,5.22,85.26,16.91,0,LOW
Tilapia,5.31,7.15,11.27,53.4,87.19,2.24,5,HIGH
Tilapia,0.93,1.11,2.25,56.48,80.02,6.36,0,LOW
Tuna,5.27,5.21,8.29,17.72,73.99,8.43,4,HIGH
Tilapia,2.54,2.14,2.21,67.08,80.83,19.07,0,MEDIUM
Tuna,9.28,9.53,15.98,30.16,71.65,9.33,11,HIGH
Sardine,7.65,8.37,10.57,31.13,72.3,11.62,5,HIGH
Mackerel,4.34,5.39,9.48,26.15,90.55,4.92,3,HIGH
Mackerel,6.02,6.38,8.52,60.94,94.52,10.8,2,HIGH
Sardine,-1.44,-0.26,1.08,9.93,88.38,7.67,0,LOW
Snapper,8.23,7.88,10.93,42.4,84.97,23.7,5,HIGH
Tuna,0.54,1.29,2.21,43.96,83.24,12.44,0,MEDIUM
Tilapia,3.91,5.03,7.11,71.93,79.66,17.24,2,MEDIUM
Tuna,2.83,1.04,2.5,38.35,81.26,5.76,0,LOW
Snapper,1.49,2.76,3.77,64.09,74.25,9.61,2,MEDIUM
Mackerel,9.75,6.72,8.75,67.0,92.94,7.79,3,HIGH
Tuna,7.75,7.59,12.52,60.5,93.57,13.3,5,HIGH
Tuna,2.39,3.26,5.91,53.72,80.83,11.58,1,MEDIUM
Mackerel,4.73,3.7,6.02,39.39,85.61,5.04,0,MEDIUM
Sardine,3.5,2.27,3.71,71.11,79.57,6.03,2,HIGH
Sardine,-0.12,-0.55,-0.19,41.15,85.89,6.49,0,MEDIUM
Snapper,1.29,1.73,2.65,55.2,75.33,7.74,0,LOW
Tilapia,5.13,4.11,5.39,41.92,85.03,13.84,2,MEDIUM
Tuna,4.44,3.54,4.65,66.85,89.81,4.09,1,MEDIUM
Mackerel,3.08,4.05,5.47,46.95,87.2,6.77,0,MEDIUM
Mackerel,1.31,2.08,3.34,34.48,76.81,2.46,2,MEDIUM
Tilapia,1.4,1.9,2.16,19.75,77.82,14.99,0,LOW
Tilapia,2.06,2.14,2.78,45.47,84.16,7.15,0,LOW
Tilapia,3.57,3.04,6.03,30.89,90.08,7.64,0,LOW
Mackerel,2.4,2.96,3.89,61.2,83.17,2.47,0,MEDIUM
Mackerel,-0.33,0.9,2.25,27.42,86.85,18.84,0,MEDIUM
Tuna,3.07,2.61,4.4,2.15,91.41,17.07,2,MEDIUM
Sardine,2.88,2.45,3.02,19.12,77.99,6.04,0,LOW
Mackerel,8.85,7.84,11.03,31.8,67.0,5.13,4,HIGH
Snapper,7.21,7.41,14.39,46.1,84.54,3.52,11,HIGH
Mackerel,12.76,12.09,16.36,32.15,77.1,21.66,5,HIGH
Sardine,3.77,1.78,2.77,4.71,86.57,4.52,0,LOW
Snapper,4.44,4.71,7.22,56.53,71.86,13.41,1,MEDIUM
Tilapia,6.28,5.15,8.37,47.4,70.15,14.47,3,HIGH
Snapper,13.91,14.25,21.0,31.79,78.25,23.11,6,HIGH
Tuna,2.07,2.38,4.4,51.91,71.44,4.19,0,MEDIUM
Sardine,2.34,1.76,2.92,66.7,82.78,11.63,0,MEDIUM
Snapper,4.88,5.47,10.0,40.5,82.61,13.02,2,HIGH
Sardine,2.06,2.71,2.76,28.98,86.54,2.22,0,MEDIUM
Snapper,8.27,7.87,10.88,45.66,89.28,10.62,5,HIGH
Tilapia,3.63,2.33,2.81,37.53,89.02,10.45,0,MEDIUM
Mackerel,7.35,7.21,11.53,7.17,77.63,18.75,3,HIGH
Snapper,5.23,3.64,5.5,70.02,85.05,3.76,1,MEDIUM
Snapper,1.44,2.23,3.16,33.31,81.43,5.85,0,LOW
Tilapia,3.28,2.25,5.04,9.42,86.73,9.27,0,LOW
Sardine,14.64,14.59,21.43,11.08,67.39,14.23,9,HIGH
Mackerel,-0.4,0.21,1.22,35.52,89.39,10.86,0,LOW
Tilapia,3.18,3.74,6.1,61.71,75.22,14.77,2,MEDIUM
Sardine,3.75,2.96,3.91,69.8,84.54,21.48,0,MEDIUM
Tuna,3.46,3.08,5.48,46.22,87.29,8.05,1,MEDIUM
Snapper,4.48,4.86,6.39,58.98,85.95,3.88,0,MEDIUM
Mackerel,0.8,0.07,1.12,34.94,86.39,3.6,0,LOW
Mackerel,13.82,13.22,17.34,3.14,83.68,4.73,9,HIGH
Sardine,2.8,2.18,2.62,41.77,86.36,11.91,0,MEDIUM
Tuna,4.08,4.89,8.17,61.23,89.93,16.9,4,HIGH
Tilapia,4.11,4.9,7.64,16.94,91.68,18.75,2,MEDIUM
Tilapia,0.06,0.88,1.79,55.26,88.18,10.08,0,LOW
Mackerel,3.97,2.63,4.76,46.83,91.57,16.42,0,MEDIUM
Tuna,4.03,3.74,5.09,37.04,83.52,18.51,2,MEDIUM
Tuna,2.28,2.61,4.17,71.05,70.76,23.97,0,MEDIUM
Tuna,3.93,4.72,7.51,51.37,81.42,23.64,2,HIGH
Tilapia,3.31,3.26,5.05,67.82,85.87,19.06,0,MEDIUM
Tilapia,5.76,7.59,11.14,31.16,79.9,4.25,2,HIGH
Tuna,2.82,1.72,1.99,60.62,84.67,11.9,0,LOW
Mackerel,12.18,14.2,18.13,46.14,68.16,7.41,11,HIGH
Sardine,1.09,0.72,1.92,22.46,86.94,10.44,0,LOW
Snapper,1.46,0.34,1.67,35.42,82.15,11.43,0,LOW
Tilapia,2.02,2.91,4.41,10.74,89.12,1.21,2,LOW
Snapper,3.27,2.75,3.98,11.41,82.85,13.64,0,LOW
Sardine,3.31,2.76,4.06,40.06,76.53,14.24,0,MEDIUM
Tuna,0.36,0.17,0.52,42.55,89.04,7.59,0,MEDIUM
Tuna,-0.88,-0.71,0.4,26.21,85.9,23.0,0,MEDIUM
Sardine,-0.13,-0.27,0.38,50.03,79.23,12.87,0,MEDIUM
Snapper,5.43,4.66,5.75,24.4,76.88,2.35,1,MEDIUM
Snapper,5.05,4.99,9.16,18.34,88.26,19.42,3,HIGH
Tuna,12.5,12.65,15.93,33.14,90.37,10.38,6,HIGH
Tuna,8.95,8.08,10.9,48.91,83.92,12.09,4,HIGH
Tilapia,5.38,5.7,8.32,3.36,81.37,1.71,3,MEDIUM
Mackerel,10.51,10.64,14.37,71.69,91.09,13.74,9,HIGH
Tuna,4.23,3.17,5.73,64.54,72.33,5.9,0,MEDIUM
Tuna,7.78,6.01,8.19,62.77,73.75,11.4,4,HIGH
Mackerel,10.78,9.39,16.2,12.49,60.87,7.84,9,HIGH
Sardine,2.6,2.86,3.99,58.47,84.91,22.34,1,MEDIUM
Mackerel,3.01,4.3,6.6,31.3,90.5,15.0,2,MEDIUM
Sardine,2.21,1.11,2.09,21.99,85.76,4.78,0,LOW
Snapper,5.66,5.22,8.01,52.47,75.67,12.38,2,MEDIUM
Mackerel,-0.5,-0.5,0.67,66.23,84.26,16.0,0,MEDIUM
Mackerel,4.84,3.59,6.47,59.14,91.12,11.37,2,MEDIUM
Mackerel,3.5,2.75,3.3,69.9,86.35,22.77,0,MEDIUM
Mackerel,1.59,3.72,6.7,49.93,74.13,13.1,1,MEDIUM
Mackerel,1.4,1.05,2.47,40.13,84.04,21.32,0,LOW
Sardine,5.28,4.13,5.69,38.73,79.92,14.09,2,MEDIUM
Tuna,-1.53,-0.4,-0.19,9.38,85.67,23.97,0,LOW
Mackerel,1.61,2.58,3.5,13.84,85.73,20.41,0,LOW
Tuna,2.72,2.06,2.87,3.91,88.64,21.16,0,LOW
Snapper,11.07,12.94,16.54,63.77,84.6,13.79,8,HIGH
Snapper,7.26,7.18,10.05,29.65,82.13,3.7,4,HIGH
Snapper,4.43,3.51,6.38,51.83,86.89,0.98,2,MEDIUM
Snapper,7.41,6.47,11.28,38.68,72.9,20.78,2,HIGH
Mackerel,9.52,11.15,16.43,24.31,92.21,17.86,6,HIGH
Tilapia,2.21,1.44,2.65,27.25,88.3,6.46,0,LOW
Sardine,1.45,2.49,3.12,16.31,79.76,6.52,0,LOW
Tuna,7.39,7.65,12.73,16.75,68.75,8.61,6,HIGH
Tilapia,8.35,6.23,9.48,62.9,93.92,8.19,4,HIGH
Mackerel,9.51,9.52,12.94,47.67,68.66,16.63,10,HIGH
Tilapia,1.25,1.83,2.3,42.92,89.98,20.88,0,MEDIUM
Tilapia,3.49,2.83,5.19,58.94,78.24,1.72,1,MEDIUM
Sardine,0.01,0.73,2.02,44.5,76.42,20.89,0,MEDIUM
Sardine,3.87,2.2,2.87,28.38,81.43,12.72,0,MEDIUM
Sardine,3.14,4.28,6.28,32.45,73.65,16.22,0,MEDIUM
Sardine,5.09,4.37,5.52,26.15,91.0,5.74,2,MEDIUM
Tuna,3.6,5.46,8.31,56.45,70.45,22.35,2,HIGH
Sardine,11.55,10.83,14.68,51.92,72.42,1.1,11,HIGH
Sardine,2.05,2.43,3.53,10.89,72.4,3.94,0,LOW
Mackerel,5.31,5.3,7.41,14.12,92.18,6.74,2,MEDIUM
Sardine,6.6,5.5,10.29,1.63,89.83,21.27,2,HIGH
Tuna,5.91,4.79,8.91,42.21,89.14,12.44,4,HIGH
Sardine,7.85,8.18,11.98,44.96,71.82,20.82,3,HIGH
Tilapia,4.14,2.76,3.51,29.98,78.31,3.26,0,LOW
Tuna,3.56,4.07,6.37,12.76,70.37,2.8,0,LOW
Sardine,5.98,4.98,8.99,37.1,68.55,15.67,5,HIGH
Tuna,6.15,5.01,8.86,12.07,74.37,2.65,5,HIGH
Sardine,5.82,6.01,9.58,6.44,76.14,11.8,5,HIGH
Sardine,-0.66,-0.01,0.43,54.04,85.76,1.95,0,MEDIUM
Mackerel,3.5,2.3,3.41,54.76,83.88,17.89,0,MEDIUM
Snapper,1.99,2.17,2.29,59.34,82.51,11.38,0,MEDIUM
Snapper,3.52,2.88,4.93,18.05,80.18,5.2,0,LOW
Sardine,-0.32,-0.08,0.45,40.81,82.31,21.14,0,MEDIUM
Tilapia,2.54,3.0,4.13,4.53,82.35,4.86,1,LOW
Tuna,-0.3,0.28,1.72,26.06,78.06,3.66,0,LOW
Tilapia,3.1,3.07,4.26,6.47,83.29,20.77,0,LOW
Sardine,15.93,14.45,19.62,26.65,68.69,4.34,6,HIGH
Sardine,3.73,4.98,7.43,46.59,89.28,12.25,1,MEDIUM
Tilapia,13.64,13.79,20.67,63.16,81.95,0.75,11,HIGH
Tuna,5.18,4.05,6.17,16.79,73.87,8.69,0,LOW
Tuna,2.8,2.87,4.57,62.05,77.37,4.01,0,MEDIUM
Tuna,3.22,2.15,4.81,68.91,91.16,10.21,1,MEDIUM
Snapper,-0.68,-0.86,-0.49,16.45,82.17,14.9,0,LOW
Tilapia,0.59,0.3,0.6,53.26,85.45,1.85,0,MEDIUM
Tilapia,7.36,7.43,12.52,33.84,61.54,4.2,7,HIGH
Snapper,9.52,8.6,12.14,63.67,91.36,7.69,8,HIGH
Tilapia,9.16,8.37,15.38,13.12,84.0,10.7,9,HIGH
Snapper,8.02,7.5,10.83,43.39,94.13,7.26,5,HIGH
Mackerel,0.89,0.84,1.64,10.95,80.0,17.09,0,LOW
Sardine,-1.37,0.17,0.67,31.38,81.82,20.97,0,LOW
Tilapia,7.77,7.37,9.81,41.66,94.34,4.38,4,HIGH
Mackerel,3.56,3.46,5.81,14.35,78.19,4.15,0,LOW
Tuna,6.79,6.72,11.56,37.14,87.48,19.66,2,HIGH
Mackerel,4.01,4.92,8.88,50.2,68.61,20.12,5,HIGH
Snapper,3.64,2.55,2.74,61.19,75.53,12.59,0,LOW
Tuna,4.6,3.18,4.66,20.44,88.68,6.79,0,LOW
Sardine,0.03,0.12,0.16,50.0,86.83,13.26,0,MEDIUM
Mackerel,9.7,9.94,13.38,16.83,88.49,1.75,10,HIGH
Tuna,0.55,0.97,1.61,63.03,84.79,17.76,0,MEDIUM
Snapper,1.82,3.25,5.88,3.76,78.78,2.42,0,LOW
Sardine,-1.2,-0.9,-0.67,61.04,87.86,15.16,0,MEDIUM
Tilapia,3.02,1.8,2.22,62.81,82.79,5.98,0,MEDIUM
Sardine,3.4,4.92,7.0,26.79,70.11,0.87,5,HIGH
Tuna,10.27,11.27,16.24,44.52,79.76,21.31,10,HIGH
Tilapia,1.47,0.95,0.95,20.26,87.9,23.94,0,MEDIUM
Snapper,1.21,0.06,0.59,17.34,89.79,13.89,0,LOW
Tilapia,3.42,2.19,4.91,6.38,89.77,17.5,1,LOW
Tuna,5.2,6.91,10.64,8.5,66.78,6.18,5,HIGH
Tuna,2.01,2.57,5.15,31.38,88.53,20.4,1,MEDIUM
Snapper,1.53,1.78,2.67,47.34,80.21,3.64,0,MEDIUM
Tuna,3.82,2.39,4.8,69.24,79.48,17.41,2,MEDIUM
Snapper,6.43,6.68,10.0,31.67,70.68,11.22,4,HIGH
Sardine,2.83,4.08,6.74,65.04,91.85,19.44,2,MEDIUM
Snapper,-0.76,-0.12,0.87,55.21,83.33,8.33,0,LOW
Tuna,4.84,2.46,3.92,9.0,86.65,5.42,0,LOW
Sardine,2.09,2.6,3.61,28.03,81.25,11.69,0,MEDIUM
Tilapia,3.21,4.86,9.4,14.5,72.87,2.88,5,HIGH
Tuna,3.48,3.38,4.56,17.39,71.74,18.77,1,LOW
Tuna,6.98,5.08,8.09,56.87,73.6,8.62,3,HIGH
Tuna,2.39,4.36,7.0,23.73,74.6,16.27,0,MEDIUM
Mackerel,3.72,3.8,5.26,55.91,80.71,17.18,2,HIGH
Tuna,12.56,14.77,21.41,42.9,75.39,4.76,8,HIGH
Tuna,3.67,3.22,4.9,40.96,79.28,13.73,1,MEDIUM
Snapper,1.54,1.4,1.9,71.58,84.83,18.64,0,MEDIUM
Tuna,-0.38,0.55,1.63,64.12,84.83,11.22,0,MEDIUM
Tilapia,3.47,3.55,5.82,16.32,87.09,7.47,0,LOW
Tilapia,10.18,11.06,15.88,69.33,77.17,20.34,11,HIGH
Tilapia,4.45,5.3,8.1,53.99,84.68,5.2,3,MEDIUM
Tilapia,-0.29,0.23,1.5,59.2,85.98,19.6,0,LOW
Snapper,5.83,5.32,8.83,37.95,68.55,2.38,3,HIGH
Mackerel,2.89,4.15,5.26,60.83,72.1,20.94,1,MEDIUM
Snapper,6.02,6.81,11.76,43.07,67.84,7.73,3,HIGH
Tilapia,-0.41,0.81,1.85,61.92,85.5,9.36,0,MEDIUM
Tuna,6.71,7.95,15.13,26.65,91.26,17.26,11,HIGH
Snapper,3.99,3.49,6.47,21.52,79.09,4.09,1,MEDIUM
Mackerel,0.96,2.04,3.33,41.28,76.72,16.22,0,MEDIUM
Sardine,10.27,9.77,14.27,34.64,82.09,2.13,9,HIGH
Snapper,7.43,7.55,13.5,16.82,88.67,9.36,6,HIGH
Mackerel,1.56,1.6,1.94,25.53,75.38,9.0,0,LOW
Tilapia,7.55,7.36,13.01,1.58,86.57,15.35,11,HIGH
Tilapia,2.08,2.09,2.37,47.31,85.74,4.63,0,LOW
Tuna,5.97,6.46,9.48,55.23,70.0,10.12,4,HIGH
Snapper,7.29,7.2,11.22,15.04,83.32,20.31,4,HIGH
Tilapia,5.82,5.27,8.26,46.71,80.7,6.08,2,MEDIUM
Snapper,4.44,4.76,6.41,50.38,87.26,7.21,0,MEDIUM
Snapper,-0.62,-0.01,0.12,42.2,76.9,10.87,0,LOW
Tilapia,2.63,2.44,3.23,2.12,88.85,21.97,0,LOW
Mackerel,3.59,3.87,5.78,37.43,80.61,4.64,2,MEDIUM
Mackerel,-1.64,0.01,0.56,23.69,88.39,5.74,0,LOW
Tuna,4.91,4.16,6.22,58.18,91.9,9.1,1,MEDIUM
Snapper,2.02,3.23,5.8,44.23,74.77,16.68,2,MEDIUM
Tuna,0.37,1.04,1.61,4.45,86.89,15.07,0,LOW
Tilapia,6.57,6.87,11.72,70.41,74.43,3.03,4,HIGH
Mackerel,1.35,0.95,1.18,3.35,83.98,4.35,0,LOW
Sardine,1.27,0.02,0.6,31.05,89.28,11.24,0,MEDIUM
Mackerel,1.5,1.86,2.79,44.08,87.19,21.5,0,MEDIUM
Mackerel,8.33,8.18,10.99,48.4,89.49,23.61,3,HIGH
Snapper,3.38,4.6,6.99,25.78,86.53,9.72,2,MEDIUM
Sardine,7.63,7.36,11.87,46.12,82.88,21.35,3,HIGH
Sardine,4.4,5.13,8.13,33.3,85.91,6.14,1,MEDIUM
Mackerel,0.81,-0.26,0.69,38.16,77.13,10.8,0,LOW
Sardine,2.15,2.29,5.27,54.7,88.59,3.51,2,MEDIUM
Tuna,-0.32,0.96,1.22,18.98,86.31,3.07,0,LOW
Sardine,7.13,5.68,9.24,67.8,88.24,8.05,2,HIGH
Mackerel,-0.04,-0.04,0.07,63.91,82.03,12.65,0,MEDIUM
Mackerel,1.11,2.69,4.04,14.39,76.61,22.54,0,MEDIUM
Snapper,9.13,9.05,16.34,58.13,73.77,1.9,9,HIGH
Snapper,6.56,6.97,10.52,71.36,75.61,4.61,3,HIGH
Tilapia,4.14,2.63,3.78,4.75,81.86,21.5,0,MEDIUM
Mackerel,1.31,0.56,0.65,42.52,89.98,5.62,0,LOW
Snapper,1.31,3.13,4.17,65.21,84.44,11.71,0,MEDIUM
Tilapia,2.86,2.68,4.93,23.61,86.94,20.89,1,MEDIUM
Tilapia,5.5,4.53,6.68,66.52,71.53,1.75,1,MEDIUM
Sardine,6.13,6.92,10.07,36.82,81.18,3.79,2,HIGH
Mackerel,5.76,5.23,7.35,28.59,77.88,12.46,0,MEDIUM
Tuna,6.84,7.3,11.68,12.95,74.76,23.17,2,HIGH
Tuna,4.15,4.47,5.78,40.52,78.04,23.88,0,MEDIUM
Tilapia,7.99,8.01,12.97,23.98,94.27,16.45,8,HIGH
Snapper,7.68,7.01,9.47,36.52,67.19,6.09,5,HIGH
Sardine,-0.0,0.98,1.57,62.46,80.81,14.82,0,MEDIUM
Mackerel,2.04,0.7,1.32,46.81,84.01,16.9,0,MEDIUM
Tuna,-2.0,-0.93,-0.25,12.87,81.44,15.34,0,LOW
Tuna,-0.84,0.53,1.61,28.78,76.07,17.32,0,MEDIUM
Mackerel,14.55,14.98,22.08,6.9,71.39,20.98,6,HIGH
Tuna,0.54,0.31,1.51,35.1,88.05,18.14,0,MEDIUM
Tilapia,7.95,7.56,10.71,28.56,90.72,1.83,4,HIGH
Sardine,4.39,4.7,6.1,59.22,70.8,12.82,0,MEDIUM
Tilapia,3.49,4.92,9.45,2.6,68.6,15.27,2,MEDIUM
Sardine,2.98,1.88,1.98,71.57,76.22,7.0,0,MEDIUM
Mackerel,6.05,4.95,6.52,24.61,82.21,10.83,1,MEDIUM
Tuna,1.61,0.52,0.98,45.81,87.14,15.16,0,LOW
Snapper,-2.0,-0.95,-0.69,47.44,77.21,3.7,0,MEDIUM
Tilapia,0.09,-0.0,0.21,39.12,77.19,18.32,0,MEDIUM
Tuna,7.77,7.51,11.39,30.23,80.59,8.19,3,HIGH
Snapper,-1.38,-0.41,0.79,62.38,75.83,12.19,0,MEDIUM
Tuna,4.07,3.2,6.17,37.62,85.21,17.17,0,MEDIUM
Tuna,-0.12,-0.11,-0.09,44.28,82.65,12.25,0,MEDIUM
Sardine,8.19,8.38,11.75,18.46,94.31,23.29,7,HIGH
Snapper,5.82,7.2,9.86,40.86,89.68,12.79,2,HIGH
Tilapia,4.01,3.85,5.68,2.75,72.77,1.73,1,LOW
Tuna,13.39,12.63,15.65,34.28,89.01,11.28,10,HIGH
Mackerel,1.49,1.89,2.04,4.3,82.61,3.87,0,LOW
Sardine,0.9,0.11,0.32,68.0,86.03,16.11,0,MEDIUM
Snapper,3.99,4.3,5.38,45.61,91.04,5.25,2,MEDIUM
Snapper,4.07,4.7,7.58,16.7,85.26,15.28,2,MEDIUM
Mackerel,4.55,4.67,7.67,11.96,74.45,11.17,2,MEDIUM
Tuna,7.36,6.29,10.3,47.54,74.59,8.75,2,HIGH
Mackerel,11.89,10.99,14.93,60.91,85.64,13.03,5,HIGH
Tilapia,2.97,5.01,6.93,29.19,72.28,4.74,1,MEDIUM
Tilapia,2.32,2.5,3.95,50.03,75.92,7.58,2,MEDIUM
Tilapia,2.1,0.96,1.1,45.04,82.73,11.03,0,LOW
Snapper,2.06,2.52,3.72,12.07,81.3,22.16,0,MEDIUM
Snapper,3.62,2.5,3.25,16.27,81.93,10.57,0,LOW
Tilapia,3.14,2.69,4.18,13.2,75.78,15.11,0,MEDIUM
Snapper,13.52,14.18,21.8,64.86,80.61,4.99,10,HIGH
Mackerel,-2.0,-0.95,-0.68,62.61,77.85,18.83,0,MEDIUM
Tilapia,5.41,6.19,10.52,28.09,74.69,4.91,3,HIGH
Mackerel,7.54,7.51,10.58,4.87,80.56,2.19,4,HIGH
Tuna,-0.68,0.5,0.64,57.22,83.88,15.79,0,MEDIUM
Mackerel,3.46,2.74,3.83,47.08,82.92,14.41,0,MEDIUM
Snapper,9.9,8.16,13.01,65.71,83.91,0.56,4,HIGH
Snapper,0.04,0.18,0.63,17.74,82.25,1.18,0,LOW
Sardine,4.12,5.11,8.11,9.03,75.72,23.39,1,MEDIUM
Tilapia,5.96,6.52,8.81,60.83,81.34,15.59,5,HIGH
Tuna,1.66,2.79,4.75,58.52,84.67,11.06,2,MEDIUM
Tuna,1.73,2.35,3.38,63.19,85.6,5.85,0,MEDIUM
Snapper,5.03,5.03,9.46,6.62,75.58,20.31,3,HIGH
Sardine,-2.0,-0.53,-0.16,16.3,78.19,5.58,0,LOW
Sardine,0.37,1.39,2.42,69.59,84.8,11.61,0,MEDIUM
Tilapia,2.08,2.29,4.91,13.8,82.86,10.78,2,MEDIUM
Snapper,-2.0,-1.0,-0.61,46.67,82.31,22.1,0,MEDIUM
Snapper,2.74,3.37,4.83,18.23,86.19,21.32,1,MEDIUM
Mackerel,1.1,2.16,4.57,1.32,88.8,5.33,2,LOW
Tilapia,1.67,1.81,2.57,24.24,86.21,2.94,0,LOW
Mackerel,3.41,3.93,6.81,11.83,75.27,17.27,0,LOW
Tilapia,2.57,2.57,3.93,34.46,82.3,7.76,0,LOW
Tilapia,1.83,1.17,2.45,40.22,84.96,2.45,0,LOW
Snapper,5.4,3.51,6.03,28.73,74.39,13.05,1,LOW
Snapper,1.85,1.51,2.27,6.86,89.05,7.6,0,LOW
Sardine,1.35,0.08,0.59,25.88,86.19,5.09,0,LOW
Sardine,3.57,3.23,6.21,45.66,84.94,6.36,2,MEDIUM
Tilapia,5.25,3.41,5.25,12.35,76.13,4.7,0,LOW
Snapper,5.54,4.63,6.9,36.8,71.31,18.61,0,MEDIUM
Mackerel,6.74,5.05,7.62,68.94,83.91,10.43,2,HIGH
Mackerel,2.7,3.37,5.85,15.49,90.22,18.24,2,MEDIUM
Snapper,6.59,5.17,6.8,9.98,85.04,17.01,0,LOW
Snapper,2.43,2.18,3.01,70.85,82.15,17.47,0,MEDIUM
Sardine,7.08,6.84,11.66,20.43,82.51,7.12,5,HIGH
Tuna,-0.01,1.91,3.34,48.32,81.59,0.72,0,MEDIUM
Sardine,5.33,6.6,10.07,20.99,80.49,10.26,4,HIGH
Tilapia,5.23,5.04,8.02,55.02,77.81,2.93,2,MEDIUM
Tuna,1.85,2.94,4.88,16.74,86.06,22.9,0,LOW
Tuna,2.14,1.23,2.28,5.82,77.99,16.88,0,LOW
Mackerel,5.07,5.6,10.37,22.85,69.23,4.77,3,HIGH
Tilapia,3.53,2.82,4.96,3.48,91.55,3.86,0,LOW
Tuna,4.7,4.61,6.2,22.38,73.21,14.02,0,MEDIUM
Mackerel,1.03,1.05,2.26,55.85,85.38,13.19,0,MEDIUM
Snapper,3.39,4.52,6.91,17.77,78.41,4.16,1,MEDIUM
Sardine,0.45,0.02,1.01,37.44,78.47,4.08,0,MEDIUM
Snapper,4.34,4.57,6.36,7.75,75.12,1.09,0,LOW
Snapper,-1.18,-0.5,0.81,47.08,84.95,22.47,0,MEDIUM
Snapper,1.71,-0.03,1.27,23.29,86.71,22.7,0,MEDIUM
Tilapia,7.16,8.03,10.54,60.91,71.17,2.36,3,HIGH
Sardine,0.58,0.62,1.13,41.77,88.67,3.98,0,MEDIUM
Snapper,12.72,13.38,17.55,59.03,74.5,13.77,11,HIGH
Mackerel,4.81,4.52,6.43,43.8,72.36,3.67,1,MEDIUM
Tuna,1.86,2.94,5.33,24.47,80.32,0.87,0,LOW
Tuna,4.62,4.68,5.88,43.56,82.85,8.39,1,MEDIUM
Sardine,7.26,7.62,11.95,36.17,84.62,0.56,2,HIGH
Mackerel,2.11,1.53,2.84,46.21,75.74,22.41,0,MEDIUM
Tuna,0.12,-0.41,0.54,66.37,78.23,22.79,0,MEDIUM
Sardine,1.69,1.87,2.86,15.68,75.53,9.21,0,LOW
Snapper,5.14,5.67,9.26,5.62,70.77,15.6,5,HIGH
Tilapia,8.08,7.99,10.47,27.53,87.29,12.62,4,HIGH
Tuna,0.95,0.08,0.28,36.58,89.01,23.92,0,MEDIUM
Tuna,2.88,3.44,6.3,31.34,73.95,19.23,2,MEDIUM
Mackerel,1.09,1.47,2.54,18.48,89.58,22.41,0,LOW
Mackerel,0.4,-0.69,0.49,63.47,83.51,6.17,0,MEDIUM
Sardine,1.18,1.46,2.78,11.82,78.98,4.54,0,LOW
Tilapia,-1.17,-0.9,0.26,57.79,80.44,4.73,0,MEDIUM
Snapper,5.31,3.1,4.31,66.25,77.01,20.45,1,MEDIUM
Sardine,1.37,-0.05,1.29,59.73,81.79,7.03,0,MEDIUM
Tuna,3.85,4.07,5.61,25.85,82.86,6.19,0,LOW
Tuna,8.59,8.32,10.76,50.83,91.68,7.86,4,HIGH
Tilapia,2.65,3.0,4.58,67.33,90.4,12.34,0,MEDIUM
Tilapia,0.75,1.54,2.37,15.52,88.86,22.8,0,MEDIUM
Snapper,2.4,1.54,1.63,40.15,76.15,13.97,0,LOW
Mackerel,7.58,8.47,11.3,55.19,74.7,8.68,3,HIGH
Mackerel,3.49,4.13,6.79,19.96,81.31,12.62,2,MEDIUM
Mackerel,5.77,6.06,8.44,66.06,72.2,7.56,3,HIGH
Tuna,6.88,5.39,8.08,57.22,73.29,18.55,0,MEDIUM
Snapper,5.82,6.83,9.44,5.4,66.68,9.78,3,HIGH
Tuna,4.06,4.64,6.84,16.37,85.1,2.34,5,MEDIUM
Mackerel,3.8,3.38,5.77,45.57,90.05,5.63,2,MEDIUM
Sardine,3.39,3.36,4.75,63.99,87.66,8.83,1,MEDIUM
Tilapia,1.46,3.35,5.76,31.2,87.31,14.07,2,MEDIUM
Tilapia,6.28,4.65,6.45,71.07,79.97,6.63,1,MEDIUM
Snapper,3.43,1.76,2.43,64.27,80.83,10.91,0,MEDIUM
Mackerel,1.27,2.39,3.61,18.37,78.08,8.72,2,MEDIUM
Tuna,0.39,0.4,0.58,50.44,76.93,22.39,0,MEDIUM
Snapper,4.91,2.96,4.42,52.17,82.02,23.09,0,MEDIUM
Sardine,6.67,7.0,10.83,59.99,67.19,3.91,4,HIGH
Snapper,0.83,0.13,0.49,29.49,75.39,13.46,0,LOW
Mackerel,11.78,11.73,19.54,56.47,73.3,19.94,7,HIGH
Tuna,6.49,4.31,5.61,2.17,82.16,20.87,0,LOW
Tuna,8.11,7.39,12.37,21.0,78.14,15.19,3,HIGH
Tuna,5.56,5.93,8.32,25.92,90.87,16.72,3,HIGH
Snapper,5.27,6.06,9.67,56.51,66.73,9.47,3,HIGH
Snapper,2.72,0.65,1.72,61.92,80.45,8.52,0,MEDIUM
Tuna,6.33,5.01,8.25,8.44,66.58,20.14,3,HIGH
Tuna,5.71,5.32,7.39,28.36,74.06,22.39,2,MEDIUM
Sardine,7.21,8.59,14.69,47.44,81.38,19.28,11,HIGH
Sardine,-0.81,1.06,1.23,15.79,88.96,7.51,0,LOW
Sardine,3.96,4.53,7.08,2.86,87.5,23.15,5,HIGH
Tuna,3.03,2.87,5.34,47.75,87.09,21.86,0,MEDIUM
Tilapia,3.95,3.55,6.32,15.61,70.76,19.95,2,LOW
Tuna,-0.61,1.52,1.79,17.2,79.55,23.82,0,MEDIUM
Tuna,0.9,2.4,3.1,36.52,76.94,8.81,0,LOW
Mackerel,11.99,10.71,18.35,43.32,66.23,6.84,6,HIGH
Sardine,-1.56,-0.69,0.43,14.0,79.23,8.83,0,LOW
Tuna,1.12,1.0,2.31,30.06,87.52,19.96,0,MEDIUM
Tuna,2.72,2.91,4.73,64.33,79.25,13.11,0,MEDIUM
Sardine,6.51,5.9,9.39,14.32,76.7,22.51,5,HIGH
Sardine,4.42,3.81,5.92,16.2,84.69,14.19,1,MEDIUM
Tuna,2.91,3.92,5.28,40.15,86.16,16.31,1,MEDIUM
Tilapia,4.03,5.33,7.66,9.14,85.08,3.58,4,MEDIUM
Mackerel,9.13,8.26,12.75,17.25,94.99,21.19,7,HIGH
Tilapia,5.71,4.55,7.77,2.14,72.42,11.43,2,LOW
Tilapia,1.79,2.59,3.13,25.06,77.48,5.16,0,LOW
Sardine,4.52,4.22,6.08,45.22,87.2,21.48,0,MEDIUM
Tilapia,-0.13,1.48,2.9,23.01,82.95,13.76,0,LOW
Mackerel,3.36,2.99,3.35,65.18,89.6,23.23,0,MEDIUM
Mackerel,7.05,5.5,8.03,1.78,84.41,6.53,1,MEDIUM
Tilapia,3.13,2.8,4.83,69.61,84.43,21.43,1,MEDIUM
Sardine,2.52,2.72,5.61,41.73,73.33,16.51,2,HIGH
Tuna,3.13,2.11,2.37,24.6,79.45,18.37,0,MEDIUM
Sardine,-0.44,-0.91,0.26,42.9,89.76,21.84,0,MEDIUM
Tuna,-1.55,-0.73,0.03,33.4,78.91,7.99,0,LOW
Tuna,-1.53,-0.55,0.75,9.22,85.52,2.77,0,LOW
Tilapia,0.17,-0.76,-0.53,56.6,87.72,14.95,0,MEDIUM
Snapper,9.35,8.06,12.25,40.5,87.09,5.51,4,HIGH
Mackerel,3.1,2.32,3.66,69.87,70.52,9.4,0,MEDIUM
Snapper,3.28,3.05,5.4,37.3,83.96,1.35,0,MEDIUM
Sardine,14.02,14.26,18.29,62.37,88.22,6.6,9,HIGH
Mackerel,0.38,-0.9,0.09,61.14,81.47,12.15,0,MEDIUM
Tilapia,13.08,13.35,20.69,28.78,64.03,14.83,8,HIGH
Sardine,-0.89,-0.1,0.6,6.33,80.41,11.99,0,LOW
Tilapia,3.77,2.41,3.8,53.33,87.69,6.92,0,MEDIUM
Sardine,2.3,2.52,3.12,28.38,78.66,19.07,0,LOW
Mackerel,10.34,11.21,16.47,13.64,96.99,23.28,5,HIGH
Mackerel,9.63,10.49,15.23,24.49,91.5,7.58,8,HIGH
Sardine,-0.38,-0.53,0.64,60.28,76.57,10.0,0,MEDIUM
Mackerel,8.71,8.01,15.44,45.85,62.36,9.2,7,HIGH
Mackerel,0.01,1.28,1.48,35.22,86.94,1.78,0,MEDIUM
Tilapia,2.87,3.97,5.5,53.37,71.69,3.96,0,MEDIUM
Sardine,1.62,1.6,2.7,32.67,75.77,14.43,0,MEDIUM
Tuna,5.22,4.65,7.55,19.75,77.7,3.98,1,MEDIUM
Snapper,7.46,5.89,8.33,14.36,80.68,18.78,3,MEDIUM
Tilapia,4.53,4.17,6.03,7.77,75.77,17.11,2,MEDIUM
Snapper,0.74,1.27,1.61,10.52,76.91,18.88,0,MEDIUM
Snapper,2.27,2.27,2.83,37.23,80.53,5.22,0,LOW
Tuna,-2.0,-0.59,0.04,60.33,83.61,13.22,0,MEDIUM
Snapper,1.2,0.05,0.2,44.01,86.04,14.53,0,MEDIUM
Tuna,0.85,-0.19,1.18,54.09,83.58,21.71,0,MEDIUM
Sardine,3.35,2.61,2.77,19.9,89.67,2.77,0,LOW
Sardine,9.58,9.38,14.0,56.91,70.6,1.93,10,HIGH
Mackerel,9.51,7.95,13.6,51.77,97.73,1.03,11,HIGH
Sardine,6.23,6.01,10.01,11.18,87.18,9.59,2,HIGH
Snapper,-0.4,-0.75,0.69,59.87,85.21,10.16,0,MEDIUM
Snapper,13.31,13.86,18.26,46.39,70.48,12.78,6,HIGH
Mackerel,11.05,10.78,17.7,47.68,79.69,15.6,11,HIGH
Sardine,1.9,2.18,2.88,25.38,79.86,15.11,0,MEDIUM
Snapper,1.14,0.69,1.03,1.81,77.99,23.27,0,LOW
Sardine,-1.89,0.2,1.58,50.41,82.3,20.98,0,MEDIUM
Tuna,1.02,2.97,2.99,40.23,85.62,18.97,0,MEDIUM
Tuna,7.61,7.38,13.45,33.45,71.63,4.37,11,HIGH
Sardine,8.19,8.27,10.57,19.5,71.45,20.59,3,HIGH
Sardine,-0.79,-0.48,0.63,17.33,81.1,19.17,0,LOW
Snapper,4.56,4.89,8.27,13.01,88.91,9.47,4,MEDIUM
Sardine,1.62,2.82,3.54,44.31,84.12,13.55,0,MEDIUM
Mackerel,9.04,10.3,17.21,45.38,82.0,17.21,8,HIGH
Mackerel,7.05,8.2,10.83,35.8,81.51,8.28,2,HIGH
Tuna,4.45,2.23,3.58,24.11,70.61,4.46,0,LOW
Tuna,4.52,3.13,4.92,8.86,70.09,5.65,0,MEDIUM
Mackerel,-1.59,0.33,0.57,5.35,80.2,20.96,0,MEDIUM
Mackerel,0.37,1.09,1.27,33.99,86.6,22.68,0,MEDIUM
Mackerel,-0.35,-0.19,0.71,47.05,89.7,4.08,0,LOW
Tuna,-0.54,1.45,1.59,49.4,82.87,18.07,0,MEDIUM
Sardine,8.21,8.47,11.85,44.72,65.55,10.4,5,HIGH
Sardine,2.8,4.65,7.32,68.13,81.23,15.4,0,HIGH
Snapper,4.09,4.09,6.35,62.04,82.17,10.89,2,MEDIUM
Sardine,1.0,1.31,2.24,7.6,82.85,7.25,0,LOW
Tuna,8.67,10.41,14.37,37.89,75.97,6.95,11,HIGH
Tilapia,5.32,4.18,6.5,25.96,78.3,22.85,0,LOW
Snapper,3.08,3.83,6.58,60.84,78.12,4.28,1,MEDIUM
Mackerel,1.92,2.94,4.03,50.93,75.16,13.68,0,MEDIUM
Tilapia,-0.98,-0.4,0.54,19.63,81.6,15.48,0,LOW
Mackerel,3.44,2.17,3.95,23.49,73.8,18.63,0,LOW
Mackerel,4.4,4.08,5.12,44.24,70.79,23.12,0,MEDIUM
Tilapia,7.63,7.27,11.28,36.63,80.48,20.2,2,HIGH
Snapper,9.26,8.49,13.22,7.76,74.12,16.43,3,HIGH
Tuna,2.73,3.44,4.46,31.34,75.09,20.24,1,LOW
Mackerel,7.79,7.73,10.84,9.04,80.18,14.56,4,HIGH
Tuna,5.91,4.61,5.85,63.25,86.75,6.26,2,HIGH
Snapper,2.43,2.94,4.66,65.82,74.08,7.94,1,MEDIUM
Mackerel,5.61,6.31,10.8,12.16,78.39,3.44,4,HIGH
Mackerel,5.7,5.04,9.77,64.51,75.77,21.56,4,HIGH
Mackerel,1.1,-0.31,0.1,50.31,86.71,5.09,0,MEDIUM
Tilapia,3.0,3.23,5.24,50.41,91.8,4.11,0,LOW
Tilapia,14.18,14.14,21.57,28.58,66.49,8.6,9,HIGH
Tilapia,0.77,1.24,1.74,37.13,85.35,1.77,0,LOW
Tuna,2.47,3.57,5.49,1.99,78.03,21.03,2,MEDIUM
Mackerel,11.25,12.02,15.36,68.67,81.37,18.25,5,HIGH
Tilapia,5.08,5.49,7.82,24.05,81.31,17.08,1,MEDIUM
Mackerel,6.62,6.71,10.46,30.46,79.32,20.52,4,HIGH
Tilapia,3.51,5.13,7.66,15.7,77.54,1.87,0,MEDIUM
Tilapia,3.98,4.59,9.44,56.96,78.38,21.67,5,HIGH
Tilapia,12.01,12.03,16.17,12.14,74.8,22.35,10,HIGH
Tilapia,7.1,6.43,10.96,50.46,93.75,5.83,2,HIGH
Mackerel,5.32,5.68,7.75,59.12,77.94,6.64,5,HIGH
Tilapia,13.74,14.27,20.27,50.81,70.16,23.46,11,HIGH
Sardine,1.73,2.99,4.25,1.05,78.32,13.61,0,MEDIUM
Mackerel,0.14,0.53,0.89,18.62,79.12,11.46,0,LOW
Mackerel,9.34,7.21,9.93,62.93,66.18,23.5,4,HIGH
Snapper,3.44,5.13,7.03,57.54,87.32,10.27,2,MEDIUM
Snapper,0.41,0.47,1.7,40.6,85.52,9.2,0,LOW
Mackerel,4.84,4.55,7.02,17.95,78.6,11.72,0,LOW
Sardine,3.67,4.4,7.23,40.19,88.6,19.96,2,HIGH
Mackerel,7.19,7.95,12.4,31.54,94.79,1.61,3,HIGH
Mackerel,2.56,2.34,3.77,5.01,87.48,12.66,0,LOW
Mackerel,-0.55,-0.58,-0.35,28.1,78.09,10.77,0,LOW
Mackerel,4.46,5.36,7.87,50.01,86.36,12.17,0,MEDIUM
Sardine,3.16,3.62,5.41,42.14,77.81,12.25,2,MEDIUM
Mackerel,0.65,0.36,0.92,1.56,85.6,2.48,0,LOW
Mackerel,1.42,0.98,1.84,3.2,89.0,9.45,0,LOW
Tilapia,6.32,5.54,10.32,65.35,67.77,23.8,4,HIGH
Tilapia,7.7,5.78,10.09,69.79,76.54,10.82,4,HIGH
Mackerel,3.02,2.77,4.58,49.53,88.89,6.92,0,MEDIUM
Tuna,3.38,2.99,4.79,24.59,84.1,14.24,1,MEDIUM
Tilapia,10.32,9.32,16.65,52.27,92.2,11.81,5,HIGH
Snapper,6.11,5.41,6.91,46.69,81.14,19.12,2,HIGH
Sardine,5.5,4.93,6.66,20.38,84.26,10.98,0,LOW
Snapper,8.75,7.41,12.43,53.5,88.26,22.76,10,HIGH
Sardine,5.16,4.19,6.88,40.23,72.25,18.24,1,MEDIUM
Sardine,4.34,4.72,7.4,17.14,83.55,12.01,0,MEDIUM
Mackerel,3.55,4.86,6.78,41.56,80.72,7.99,1,MEDIUM
Tuna,7.45,8.25,12.88,5.16,88.04,19.11,6,HIGH
Tilapia,6.74,8.08,12.78,67.48,70.71,14.56,3,HIGH
Sardine,6.1,5.2,7.95,54.79,89.41,23.19,1,HIGH
Sardine,-0.56,-0.11,1.08,20.03,82.8,8.12,0,MEDIUM
Mackerel,7.78,7.15,11.35,23.57,65.41,20.52,3,HIGH
Mackerel,5.76,5.41,6.43,26.57,77.17,22.14,2,MEDIUM
Sardine,6.58,5.31,7.9,42.57,78.37,15.42,2,HIGH
Snapper,-0.01,-0.73,0.5,44.31,78.55,14.22,0,LOW
Tuna,3.92,2.02,3.91,2.08,75.18,21.84,0,MEDIUM
Sardine,6.08,7.02,12.31,44.41,91.99,5.26,9,HIGH
Tilapia,3.18,1.77,2.7,45.8,87.48,13.15,0,LOW
Sardine,8.79,8.03,13.02,49.85,77.11,4.59,5,HIGH
Snapper,3.45,3.58,4.94,12.13,86.38,13.59,1,LOW
Mackerel,-0.95,0.49,1.81,63.11,81.23,10.51,0,MEDIUM
Tuna,4.35,5.05,8.14,47.64,81.83,15.21,5,HIGH
Tuna,3.53,2.72,3.43,31.04,79.01,9.23,0,MEDIUM
Sardine,1.54,2.24,2.96,44.73,89.32,17.42,0,MEDIUM
Tuna,4.14,3.85,6.01,33.64,88.99,15.44,2,MEDIUM
Sardine,-1.7,-0.28,1.16,44.93,77.92,2.32,0,MEDIUM
Sardine,0.78,-0.51,0.14,31.35,87.44,14.61,0,LOW
Tuna,0.62,0.73,1.31,1.79,80.13,21.33,0,MEDIUM
Snapper,3.87,4.52,8.78,67.23,82.19,18.74,5,HIGH
Tilapia,8.25,8.01,13.28,69.71,66.04,13.94,6,HIGH
Tilapia,8.3,8.0,12.75,46.36,92.99,8.55,3,HIGH
Snapper,0.45,-0.32,0.33,65.28,79.25,12.04,0,MEDIUM
Snapper,3.26,3.48,5.9,38.98,71.07,10.07,1,MEDIUM
Tuna,-0.45,-0.79,0.23,64.43,81.32,17.83,0,MEDIUM
Snapper,2.48,2.46,3.85,20.89,85.71,21.6,0,MEDIUM
Mackerel,14.1,14.05,18.62,50.49,84.03,8.69,10,HIGH
Tuna,-0.19,2.08,2.21,53.62,83.99,10.22,0,MEDIUM
Tuna,1.75,2.69,3.54,16.27,81.08,10.89,0,LOW
Sardine,1.13,0.59,1.64,58.17,80.08,21.12,0,MEDIUM
Tuna,3.32,2.09,2.32,51.25,85.47,5.52,0,MEDIUM
Snapper,0.99,-0.32,0.6,49.65,80.05,15.11,0,LOW
Sardine,5.93,7.68,12.41,16.4,82.15,6.7,3,HIGH
Tuna,2.44,1.29,1.84,47.65,84.99,6.43,0,LOW
Tuna,1.14,2.46,3.86,24.17,76.62,0.97,2,MEDIUM
Tilapia,1.2,0.61,1.81,4.37,81.76,11.54,0,LOW
Tuna,6.27,7.2,11.76,12.96,80.03,19.67,4,HIGH
Mackerel,-0.78,-0.63,0.52,64.34,85.58,7.05,0,MEDIUM
Tilapia,5.73,8.95,14.31,66.91,94.59,11.97,9,HIGH
Snapper,4.37,4.35,6.9,66.6,71.48,22.97,2,HIGH
Tuna,3.88,4.22,6.32,7.31,83.37,15.06,2,MEDIUM
Snapper,-0.19,-0.23,0.98,68.12,89.46,21.27,0,MEDIUM
Mackerel,-0.12,-0.39,-0.07,21.07,76.44,21.95,0,MEDIUM
Tuna,2.61,2.94,4.37,70.39,86.68,14.61,0,MEDIUM
Sardine,5.35,4.76,8.42,2.55,66.13,7.41,4,HIGH
Tilapia,1.37,0.69,1.91,3.24,84.21,20.23,0,LOW
Tilapia,1.59,1.07,2.46,52.78,89.97,12.9,0,MEDIUM
Tuna,3.38,2.51,4.04,18.11,91.55,5.89,2,MEDIUM
Snapper,2.35,2.78,5.08,56.2,72.28,8.1,2,MEDIUM
Tuna,3.97,4.3,6.88,46.76,86.08,11.1,1,MEDIUM
Mackerel,15.31,14.86,21.73,15.08,65.19,7.01,6,HIGH
Snapper,3.47,4.6,7.04,64.04,82.3,20.45,2,HIGH
Snapper,1.01,1.13,2.23,24.23,89.64,8.55,0,MEDIUM
Snapper,5.26,4.68,7.76,11.23,86.35,14.86,3,MEDIUM
Snapper,13.13,12.99,20.92,40.17,67.08,17.24,8,HIGH
Sardine,-1.33,-0.82,0.44,46.81,87.22,17.84,0,MEDIUM
Tilapia,3.51,3.11,5.87,52.21,85.84,3.91,2,MEDIUM
Sardine,8.39,9.29,16.47,8.74,84.75,10.75,7,HIGH
Snapper,3.91,2.29,3.51,18.86,77.31,15.68,2,MEDIUM
Snapper,4.64,4.77,6.79,59.7,80.62,3.17,0,MEDIUM
Tuna,0.34,0.84,1.13,68.63,83.09,2.58,0,MEDIUM
Snapper,4.32,5.01,8.92,67.4,90.93,17.43,4,HIGH
Tilapia,9.92,8.8,14.72,66.07,89.1,2.5,7,HIGH
Sardine,3.65,2.12,3.17,33.79,77.72,13.28,0,MEDIUM
Sardine,11.75,12.25,18.2,24.67,67.57,8.6,5,HIGH
Tuna,3.69,4.41,5.77,47.8,90.17,1.57,2,HIGH
Sardine,3.5,4.6,5.66,52.32,89.32,14.89,2,HIGH
Mackerel,2.59,1.97,2.76,35.93,76.68,18.01,0,MEDIUM
Sardine,-0.11,1.97,2.98,36.85,79.11,8.69,0,MEDIUM
Mackerel,5.78,6.97,10.49,59.08,81.34,8.92,5,HIGH
Sardine,6.82,5.35,8.14,63.47,76.03,22.29,1,MEDIUM
Tuna,5.64,5.6,10.26,39.0,77.68,13.68,4,HIGH
Tuna,0.28,-0.18,1.02,14.61,76.14,8.01,0,LOW
Sardine,7.01,6.32,9.22,55.41,89.94,6.34,3,HIGH
Mackerel,0.48,1.23,2.16,8.96,83.66,10.27,0,LOW
Snapper,8.0,8.05,11.55,60.91,87.92,10.24,3,HIGH
Tilapia,5.03,3.69,4.93,49.06,83.24,7.15,0,MEDIUM
Snapper,1.56,1.43,2.52,41.96,82.76,0.66,0,LOW
Snapper,1.12,2.48,2.5,54.86,76.46,22.65,0,MEDIUM
Snapper,2.91,3.24,4.33,35.08,78.36,18.49,1,MEDIUM
Tilapia,6.11,4.89,8.22,62.99,77.73,5.97,2,HIGH
Snapper,5.34,6.09,9.87,5.63,80.81,10.25,3,HIGH
Mackerel,2.52,1.46,1.52,32.27,77.52,6.3,0,MEDIUM
Tilapia,3.64,4.6,6.97,44.44,76.08,14.94,0,MEDIUM
Tuna,1.89,0.9,1.26,11.79,85.32,4.06,0,LOW
Mackerel,0.18,0.76,0.76,40.23,83.14,22.48,0,MEDIUM
Tilapia,5.62,3.46,5.86,8.05,90.31,18.5,2,LOW
Mackerel,5.69,4.84,7.16,40.9,88.45,19.78,2,MEDIUM
Tilapia,6.33,5.49,7.2,30.51,73.77,21.05,2,MEDIUM
Mackerel,-1.05,-0.84,0.06,7.44,87.48,9.28,0,LOW
Tuna,1.19,1.57,2.55,46.62,76.55,6.58,0,MEDIUM
Tilapia,3.1,3.41,4.47,18.64,74.9,19.72,1,MEDIUM
Sardine,5.33,4.7,6.46,48.71,75.25,11.54,1,MEDIUM
Sardine,4.51,3.45,5.05,7.76,74.39,21.7,2,MEDIUM
Tilapia,2.48,2.2,4.76,66.07,74.65,15.76,0,MEDIUM
Sardine,8.22,6.27,8.31,31.53,79.6,18.32,2,HIGH
Tilapia,3.52,3.13,5.58,23.78,78.12,21.11,2,MEDIUM
Sardine,-0.22,-0.47,-0.38,52.8,89.65,18.66,0,MEDIUM
Mackerel,1.25,2.2,3.64,31.69,86.13,20.27,0,LOW
Snapper,5.33,5.95,9.65,2.82,91.79,17.48,2,HIGH
Mackerel,3.11,5.01,7.67,34.67,88.95,20.43,2,MEDIUM
Sardine,-1.24,-0.27,0.25,22.57,86.55,20.64,0,MEDIUM
Snapper,0.86,-0.59,-0.14,13.18,87.1,7.85,0,LOW
Mackerel,2.73,3.55,4.85,56.82,76.7,10.73,2,MEDIUM
Snapper,3.5,2.46,2.5,64.99,80.21,18.28,0,MEDIUM
Snapper,5.18,4.85,7.27,42.73,80.26,21.3,1,MEDIUM
Mackerel,0.94,2.62,4.05,4.95,70.19,9.7,2,LOW
Snapper,6.61,6.13,10.6,64.25,80.35,2.7,2,HIGH
Tuna,0.42,1.64,3.11,37.72,87.72,13.76,0,MEDIUM
Tuna,8.75,7.71,12.16,21.78,91.39,23.44,5,HIGH
Sardine,1.7,1.01,1.98,4.5,87.42,11.16,0,MEDIUM
Tilapia,3.4,2.55,2.81,45.41,84.37,13.74,0,MEDIUM
Sardine,2.87,2.32,4.05,54.98,82.03,7.97,2,MEDIUM
Mackerel,3.35,2.08,2.35,46.25,82.92,5.5,0,LOW
Snapper,6.0,6.79,11.67,16.6,83.22,15.37,5,HIGH
Sardine,2.38,1.98,2.01,33.71,81.42,6.09,0,LOW
Snapper,5.54,5.33,8.43,3.41,94.71,12.96,3,MEDIUM
Tuna,11.7,10.53,15.62,11.29,70.37,19.28,5,HIGH
Tilapia,5.88,4.94,6.31,56.82,73.85,1.88,1,MEDIUM
Tilapia,3.57,3.97,6.09,40.8,71.24,22.7,2,MEDIUM
Sardine,2.59,3.26,4.48,23.12,90.92,22.75,0,MEDIUM
Tilapia,13.46,13.69,17.76,23.67,82.78,8.81,5,HIGH
Mackerel,-2.0,-0.53,-0.15,37.02,86.12,5.09,0,MEDIUM
Sardine,2.09,1.6,1.76,48.66,85.02,9.47,0,MEDIUM
Tilapia,1.93,2.57,2.98,16.93,75.64,11.29,0,LOW
Snapper,7.1,7.67,11.47,59.18,78.91,5.7,3,HIGH
Snapper,-1.34,-0.72,-0.23,43.12,79.89,18.16,0,MEDIUM
Snapper,1.19,-0.4,0.49,45.34,76.47,18.84,0,MEDIUM
Snapper,0.76,1.67,2.64,54.26,87.89,18.17,0,MEDIUM
Mackerel,4.1,4.36,5.91,55.92,79.94,0.52,0,MEDIUM
Sardine,1.82,1.59,2.61,23.37,82.52,7.86,0,LOW
Tilapia,5.06,5.03,9.34,36.94,91.53,1.42,3,HIGH
Sardine,10.49,12.4,18.52,57.87,70.8,2.62,7,HIGH
Sardine,14.86,14.14,21.95,9.53,71.18,18.22,5,HIGH
Snapper,3.32,2.47,2.83,51.51,77.41,4.88,0,LOW
Mackerel,0.35,0.22,1.63,13.1,82.3,0.94,0,LOW
Tuna,-1.58,-0.56,-0.52,54.31,76.54,2.07,0,MEDIUM
Tuna,6.84,5.09,6.45,70.33,87.47,19.5,2,MEDIUM
Snapper,13.85,13.52,17.58,12.05,66.28,18.76,5,HIGH
Tilapia,5.22,4.87,9.04,14.38,80.36,3.07,3,MEDIUM
Snapper,2.43,2.92,3.1,18.52,78.01,5.72,0,LOW
Tuna,4.35,3.4,6.07,62.52,76.34,9.07,1,MEDIUM
Sardine,5.08,6.16,9.79,7.76,66.82,17.54,3,HIGH
Sardine,2.79,3.14,4.3,8.17,76.93,14.07,2,MEDIUM
Snapper,1.8,2.37,3.4,17.46,75.06,0.86,0,LOW
Mackerel,1.81,2.6,3.46,39.8,78.14,4.39,0,LOW
Sardine,5.0,5.36,7.21,12.49,80.14,14.1,0,LOW
Tilapia,8.57,7.44,9.73,48.53,65.16,7.32,5,HIGH
Tilapia,6.33,6.41,10.42,58.37,85.48,13.83,2,HIGH
Snapper,-0.8,0.19,1.51,24.22,75.81,17.86,0,LOW
Mackerel,7.7,7.29,12.06,20.57,92.96,21.62,7,HIGH
Tuna,2.66,1.32,1.66,9.79,78.23,11.54,0,LOW
Snapper,2.63,2.42,3.25,59.43,78.23,6.73,0,LOW
Snapper,-0.92,0.17,0.75,40.57,77.47,21.52,0,MEDIUM
Snapper,0.88,-0.32,0.22,51.94,77.19,19.21,0,MEDIUM
Mackerel,-2.0,-0.44,0.21,1.68,87.44,16.01,0,LOW
Sardine,1.04,1.17,1.19,63.51,82.63,17.46,0,HIGH
Tuna,8.34,7.66,11.66,16.54,92.88,9.47,2,HIGH
Tilapia,6.49,5.34,7.57,50.72,76.88,6.75,1,MEDIUM
Tilapia,1.21,1.06,1.78,24.66,88.85,16.01,0,LOW
Snapper,4.07,4.96,7.59,26.39,88.32,11.53,5,HIGH
Snapper,3.2,3.96,6.52,63.55,88.02,1.52,0,MEDIUM
Tuna,-0.83,-0.28,0.06,64.37,81.03,12.83,0,MEDIUM
Mackerel,3.37,2.2,2.37,16.21,79.52,14.29,0,LOW
Tilapia,-2.0,-0.6,0.64,25.99,76.77,21.56,0,LOW
Mackerel,3.01,2.58,3.2,51.98,79.47,7.63,0,MEDIUM
Sardine,-1.05,-0.37,0.52,71.73,89.35,4.65,0,MEDIUM
Snapper,11.39,12.5,16.05,43.72,72.41,23.96,10,HIGH
Snapper,-1.03,0.07,0.93,54.3,83.53,2.57,0,MEDIUM
Mackerel,4.23,3.49,4.74,57.66,84.81,12.47,0,MEDIUM
Sardine,3.71,2.81,4.23,56.06,76.43,3.01,0,MEDIUM
Tilapia,1.38,1.36,2.76,17.16,80.52,13.21,0,LOW
Tilapia,4.41,5.36,9.02,50.61,87.44,9.38,5,HIGH
Mackerel,3.14,4.28,6.64,4.96,89.07,23.12,1,MEDIUM
Tilapia,3.94,2.61,3.53,59.29,88.78,17.45,0,MEDIUM
Snapper,-0.76,-0.99,-0.61,54.38,89.28,12.45,0,MEDIUM
Tilapia,4.03,2.96,3.03,6.43,83.73,5.53,0,LOW
Tilapia,2.63,2.2,3.14,10.74,76.51,19.24,0,LOW
Sardine,1.64,2.01,4.1,3.52,84.15,8.71,0,LOW
Tilapia,4.65,4.33,5.89,40.53,85.03,10.47,1,MEDIUM
Mackerel,0.8,1.08,1.41,29.8,83.46,12.5,0,MEDIUM
Sardine,5.89,4.63,7.54,22.64,74.47,21.43,0,MEDIUM
Mackerel,3.02,1.96,2.02,45.36,83.23,17.68,0,MEDIUM
Tilapia,1.66,1.55,2.33,54.58,77.01,22.16,0,MEDIUM
Mackerel,0.16,0.72,1.3,25.54,75.54,0.59,0,LOW
Sardine,4.66,5.08,8.58,44.89,83.13,18.3,3,HIGH
